DAUID,CSDUID,CCSUID,CDUID,ERUID,PRUID,CTUID,CMAUID,geometry,APMean
35210001,3521024,3521024,3521,3530,35,5350585.08,535,,6.999896217
35210002,3521024,3521024,3521,3530,35,5350585.08,535,,6.74785798
35210003,3521024,3521024,3521,3530,35,5350585.08,535,,6.607804981
35210004,3521024,3521024,3521,3530,35,5350585.08,535,,7.631021415
35210011,3521024,3521024,3521,3530,35,5350586.01,535,,7.847580881
35210013,3521024,3521024,3521,3530,35,5350586.01,535,,8.788346085
35210014,3521024,3521024,3521,3530,35,5350586.01,535,,8.445314129
35210015,3521024,3521024,3521,3530,35,5350586.02,535,,8.510772458
35210017,3521024,3521024,3521,3530,35,5350586.02,535,,8.550669535
35210018,3521024,3521024,3521,3530,35,5350586.02,535,,11.03227367
35210019,3521024,3521024,3521,3530,35,5350586.02,535,,10.83712499
35210023,3521010,3521010,3521,3530,35,5350576.07,535,,19.32685721
35210024,3521010,3521010,3521,3530,35,5350576.07,535,,18.69767572
35210025,3521010,3521010,3521,3530,35,5350576.07,535,,19.03930342
35210026,3521010,3521010,3521,3530,35,5350576.07,535,,18.74458697
35210027,3521010,3521010,3521,3530,35,5350576.07,535,,18.66472517
35210028,3521010,3521010,3521,3530,35,5350576.05,535,,17.42859741
35210029,3521010,3521010,3521,3530,35,5350576.05,535,,16.95403503
35210030,3521010,3521010,3521,3530,35,5350576.05,535,,16.82147373
35210031,3521010,3521010,3521,3530,35,5350576.05,535,,15.90180766
35210032,3521010,3521010,3521,3530,35,5350576.06,535,,15.42946028
35210033,3521010,3521010,3521,3530,35,5350576.06,535,,15.20149551
35210034,3521010,3521010,3521,3530,35,5350576.06,535,,14.71986534
35210035,3521010,3521010,3521,3530,35,5350576.06,535,,14.00078837
35210036,3521010,3521010,3521,3530,35,5350576.06,535,,15.32439894
35210037,3521010,3521010,3521,3530,35,5350576.06,535,,14.1132112
35210040,3521010,3521010,3521,3530,35,5350576.06,535,,15.33356403
35210041,3521010,3521010,3521,3530,35,5350576.06,535,,15.58861368
35210042,3521010,3521010,3521,3530,35,5350576.06,535,,16.31280769
35210043,3521010,3521010,3521,3530,35,5350576.05,535,,17.11939012
35210044,3521010,3521010,3521,3530,35,5350576.05,535,,16.90833823
35210045,3521010,3521010,3521,3530,35,5350576.05,535,,17.14860628
35210046,3521010,3521010,3521,3530,35,5350576.05,535,,17.56880954
35210047,3521010,3521010,3521,3530,35,5350576.05,535,,17.67604749
35210048,3521010,3521010,3521,3530,35,5350576.05,535,,17.69749222
35210049,3521010,3521010,3521,3530,35,5350576.05,535,,18.16466717
35210050,3521010,3521010,3521,3530,35,5350575.05,535,,17.98270496
35210051,3521010,3521010,3521,3530,35,5350575.05,535,,17.37106359
35210052,3521010,3521010,3521,3530,35,5350575.05,535,,17.33606637
35210053,3521010,3521010,3521,3530,35,5350575.06,535,,16.72865658
35210054,3521010,3521010,3521,3530,35,5350575.06,535,,16.11138255
35210055,3521010,3521010,3521,3530,35,5350575.06,535,,15.94191098
35210056,3521010,3521010,3521,3530,35,5350575.06,535,,17.72518217
35210057,3521010,3521010,3521,3530,35,5350575.06,535,,15.88208684
35210058,3521010,3521010,3521,3530,35,5350575.06,535,,16.17020807
35210059,3521010,3521010,3521,3530,35,5350575.06,535,,16.22202828
35210060,3521010,3521010,3521,3530,35,5350575.06,535,,16.78519674
35210061,3521010,3521010,3521,3530,35,5350575.03,535,,17.31020682
35210063,3521010,3521010,3521,3530,35,5350575.03,535,,16.3200366
35210065,3521010,3521010,3521,3530,35,5350575.03,535,,16.61014699
35210066,3521010,3521010,3521,3530,35,5350575.03,535,,17.18095201
35210067,3521010,3521010,3521,3530,35,5350575.03,535,,18.1251327
35210068,3521010,3521010,3521,3530,35,5350575.03,535,,16.74628777
35210069,3521010,3521010,3521,3530,35,5350575.03,535,,19.4570813
35210070,3521010,3521010,3521,3530,35,5350575.03,535,,19.84476769
35210071,3521010,3521010,3521,3530,35,5350575.03,535,,17.98847123
35210072,3521010,3521010,3521,3530,35,5350562.02,535,,22.62048848
35210073,3521010,3521010,3521,3530,35,5350562.02,535,,18.12106665
35210074,3521010,3521010,3521,3530,35,5350562.02,535,,17.31383168
35210075,3521010,3521010,3521,3530,35,5350562.02,535,,17.14344698
35210076,3521010,3521010,3521,3530,35,5350562.02,535,,17.75046489
35210077,3521010,3521010,3521,3530,35,5350562.02,535,,16.69669776
35210078,3521010,3521010,3521,3530,35,5350562.02,535,,17.0007206
35210079,3521010,3521010,3521,3530,35,5350562.11,535,,16.34870168
35210080,3521010,3521010,3521,3530,35,5350562.11,535,,15.6186381
35210081,3521010,3521010,3521,3530,35,5350562.11,535,,15.64846751
35210082,3521010,3521010,3521,3530,35,5350562.05,535,,18.11290536
35210083,3521010,3521010,3521,3530,35,5350562.05,535,,16.71795807
35210090,3521010,3521010,3521,3530,35,5350563.01,535,,18.119017
35210094,3521010,3521010,3521,3530,35,5350564.02,535,,19.00044183
35210095,3521010,3521010,3521,3530,35,5350564.02,535,,18.2946468
35210096,3521010,3521010,3521,3530,35,5350564.02,535,,18.13395653
35210097,3521010,3521010,3521,3530,35,5350564.02,535,,19.58822551
35210098,3521010,3521010,3521,3530,35,5350564.02,535,,19.7605497
35210099,3521010,3521010,3521,3530,35,5350564.02,535,,20.95116397
35210100,3521010,3521010,3521,3530,35,5350564.02,535,,21.61737654
35210104,3521010,3521010,3521,3530,35,5350560.00,535,,20.24059281
35210105,3521010,3521010,3521,3530,35,5350560.00,535,,20.42885407
35210106,3521010,3521010,3521,3530,35,5350560.00,535,,20.62741447
35210107,3521010,3521010,3521,3530,35,5350560.00,535,,20.96362977
35210108,3521010,3521010,3521,3530,35,5350560.00,535,,21.13933232
35210109,3521010,3521010,3521,3530,35,5350560.00,535,,24.34685958
35210110,3521010,3521010,3521,3530,35,5350560.00,535,,21.24094646
35210111,3521010,3521010,3521,3530,35,5350560.00,535,,21.22422021
35210112,3521010,3521010,3521,3530,35,5350561.00,535,,22.3047354
35210113,3521010,3521010,3521,3530,35,5350561.00,535,,22.22121146
35210114,3521010,3521010,3521,3530,35,5350561.00,535,,22.70846919
35210115,3521010,3521010,3521,3530,35,5350561.00,535,,27.52992457
35210116,3521010,3521010,3521,3530,35,5350561.00,535,,23.91682525
35210117,3521010,3521010,3521,3530,35,5350561.00,535,,24.09040656
35210118,3521010,3521010,3521,3530,35,5350561.00,535,,22.05175939
35210119,3521010,3521010,3521,3530,35,5350561.00,535,,21.02288943
35210120,3521010,3521010,3521,3530,35,5350560.00,535,,20.5
35210121,3521010,3521010,3521,3530,35,5350564.01,535,,19.90709563
35210122,3521010,3521010,3521,3530,35,5350560.00,535,,19.67503492
35210124,3521010,3521010,3521,3530,35,5350564.01,535,,18.33048171
35210125,3521010,3521010,3521,3530,35,5350564.02,535,,17.52922111
35210130,3521010,3521010,3521,3530,35,5350563.02,535,,20.3411676
35210131,3521010,3521010,3521,3530,35,5350563.02,535,,20.45629331
35210132,3521010,3521010,3521,3530,35,5350563.02,535,,21.78979723
35210133,3521010,3521010,3521,3530,35,5350563.02,535,,22.95421162
35210145,3521010,3521010,3521,3530,35,5350562.02,535,,19.90817846
35210146,3521010,3521010,3521,3530,35,5350562.02,535,,18.05244629
35210147,3521010,3521010,3521,3530,35,5350562.02,535,,17.59113822
35210148,3521010,3521010,3521,3530,35,5350562.02,535,,26.11018717
35210151,3521010,3521010,3521,3530,35,5350575.04,535,,27.82919241
35210152,3521010,3521010,3521,3530,35,5350575.04,535,,23.06910105
35210153,3521010,3521010,3521,3530,35,5350575.04,535,,20.14136542
35210154,3521010,3521010,3521,3530,35,5350575.04,535,,19.56569047
35210155,3521010,3521010,3521,3530,35,5350575.04,535,,18.44279925
35210156,3521010,3521010,3521,3530,35,5350575.04,535,,18.30114538
35210157,3521010,3521010,3521,3530,35,5350575.04,535,,18.70029739
35210158,3521010,3521010,3521,3530,35,5350575.04,535,,18.9495967
35210159,3521010,3521010,3521,3530,35,5350575.03,535,,17.34176066
35210160,3521010,3521010,3521,3530,35,5350575.03,535,,17.42971742
35210161,3521010,3521010,3521,3530,35,5350575.01,535,,17.44145296
35210162,3521010,3521010,3521,3530,35,5350575.01,535,,16.83175302
35210163,3521010,3521010,3521,3530,35,5350575.01,535,,16.63165885
35210164,3521010,3521010,3521,3530,35,5350575.01,535,,16.86479846
35210165,3521010,3521010,3521,3530,35,5350575.01,535,,16.95355769
35210166,3521010,3521010,3521,3530,35,5350575.01,535,,16.93933997
35210167,3521010,3521010,3521,3530,35,5350575.01,535,,17.1394021
35210168,3521010,3521010,3521,3530,35,5350575.01,535,,18.53490032
35210169,3521010,3521010,3521,3530,35,5350573.03,535,,18.93991344
35210170,3521010,3521010,3521,3530,35,5350573.03,535,,19.26722457
35210171,3521010,3521010,3521,3530,35,5350573.03,535,,18.31545
35210172,3521010,3521010,3521,3530,35,5350573.07,535,,18.85907722
35210173,3521010,3521010,3521,3530,35,5350573.07,535,,18.56882129
35210174,3521010,3521010,3521,3530,35,5350573.07,535,,18.24881566
35210175,3521010,3521010,3521,3530,35,5350573.07,535,,18.56305091
35210176,3521010,3521010,3521,3530,35,5350573.07,535,,18.43172901
35210177,3521010,3521010,3521,3530,35,5350573.07,535,,17.75517374
35210178,3521010,3521010,3521,3530,35,5350573.07,535,,17.9151396
35210179,3521010,3521010,3521,3530,35,5350573.03,535,,17.94150799
35210180,3521010,3521010,3521,3530,35,5350573.03,535,,17.97319361
35210181,3521010,3521010,3521,3530,35,5350574.00,535,,18.43178378
35210182,3521010,3521010,3521,3530,35,5350574.00,535,,18.67816587
35210183,3521010,3521010,3521,3530,35,5350574.00,535,,17.84303714
35210186,3521010,3521010,3521,3530,35,5350572.01,535,,18.25180188
35210187,3521010,3521010,3521,3530,35,5350574.00,535,,18.25407536
35210188,3521010,3521010,3521,3530,35,5350574.00,535,,17.82832752
35210189,3521010,3521010,3521,3530,35,5350572.01,535,,17.67438404
35210190,3521010,3521010,3521,3530,35,5350572.01,535,,17.81334071
35210191,3521010,3521010,3521,3530,35,5350572.01,535,,17.82845023
35210192,3521010,3521010,3521,3530,35,5350572.01,535,,17.72306438
35210193,3521010,3521010,3521,3530,35,5350572.01,535,,18.87986634
35210194,3521010,3521010,3521,3530,35,5350572.01,535,,19.17836531
35210195,3521010,3521010,3521,3530,35,5350572.01,535,,17.89493869
35210198,3521010,3521010,3521,3530,35,5350572.05,535,,17.78983379
35210199,3521010,3521010,3521,3530,35,5350572.05,535,,17.71842203
35210204,3521010,3521010,3521,3530,35,5350572.04,535,,17.28372959
35210205,3521010,3521010,3521,3530,35,5350572.04,535,,17.14339522
35210206,3521010,3521010,3521,3530,35,5350572.04,535,,17.1761723
35210207,3521010,3521010,3521,3530,35,5350572.04,535,,17.91715716
35210208,3521010,3521010,3521,3530,35,5350572.08,535,,17.52156943
35210209,3521010,3521010,3521,3530,35,5350572.08,535,,17.05668521
35210210,3521010,3521010,3521,3530,35,5350572.08,535,,17.00392893
35210211,3521010,3521010,3521,3530,35,5350572.08,535,,16.87125287
35210212,3521010,3521010,3521,3530,35,5350572.08,535,,16.86529979
35210213,3521010,3521010,3521,3530,35,5350572.08,535,,17.43422816
35210214,3521010,3521010,3521,3530,35,5350572.08,535,,16.59671604
35210215,3521010,3521010,3521,3530,35,5350572.08,535,,17.0475486
35210216,3521010,3521010,3521,3530,35,5350572.07,535,,16.60704088
35210217,3521010,3521010,3521,3530,35,5350572.07,535,,16.52023039
35210218,3521010,3521010,3521,3530,35,5350572.07,535,,16.73904965
35210219,3521010,3521010,3521,3530,35,5350572.07,535,,16.93449018
35210220,3521010,3521010,3521,3530,35,5350572.07,535,,16.78986451
35210221,3521010,3521010,3521,3530,35,5350572.07,535,,17.12555069
35210222,3521010,3521010,3521,3530,35,5350572.07,535,,17.58191664
35210223,3521010,3521010,3521,3530,35,5350572.07,535,,17.16948329
35210224,3521010,3521010,3521,3530,35,5350572.04,535,,17.76429739
35210225,3521010,3521010,3521,3530,35,5350572.04,535,,17.42529527
35210226,3521010,3521010,3521,3530,35,5350572.01,535,,17.46476231
35210227,3521010,3521010,3521,3530,35,5350572.01,535,,17.461341
35210228,3521010,3521010,3521,3530,35,5350572.01,535,,18.26633483
35210229,3521010,3521010,3521,3530,35,5350572.07,535,,17.84605027
35210230,3521010,3521010,3521,3530,35,5350572.06,535,,17.26959777
35210231,3521010,3521010,3521,3530,35,5350572.01,535,,18.40662435
35210233,3521010,3521010,3521,3530,35,5350572.06,535,,16.84634198
35210234,3521010,3521010,3521,3530,35,5350572.06,535,,16.69817642
35210236,3521010,3521010,3521,3530,35,5350528.37,535,,19.14796654
35210239,3521005,3521005,3521,3530,35,5350550.01,535,,25.05846611
35210240,3521005,3521005,3521,3530,35,5350550.01,535,,22.13371633
35210241,3521005,3521005,3521,3530,35,5350550.01,535,,22.12451475
35210242,3521005,3521005,3521,3530,35,5350550.01,535,,21.06146758
35210243,3521005,3521005,3521,3530,35,5350550.01,535,,20.76917246
35210244,3521005,3521005,3521,3530,35,5350528.33,535,,19.52137428
35210245,3521005,3521005,3521,3530,35,5350528.33,535,,19.54235758
35210246,3521005,3521005,3521,3530,35,5350528.33,535,,19.27799726
35210247,3521005,3521005,3521,3530,35,5350528.33,535,,19.46989371
35210248,3521005,3521005,3521,3530,35,5350528.33,535,,19.59925287
35210249,3521005,3521005,3521,3530,35,5350528.33,535,,19.33015405
35210250,3521005,3521005,3521,3530,35,5350528.14,535,,18.65244111
35210251,3521005,3521005,3521,3530,35,5350528.33,535,,20.27767867
35210252,3521005,3521005,3521,3530,35,5350528.32,535,,21.01559643
35210253,3521005,3521005,3521,3530,35,5350528.32,535,,21.45440317
35210254,3521005,3521005,3521,3530,35,5350528.32,535,,25.91291604
35210255,3521005,3521005,3521,3530,35,5350528.33,535,,20.16275542
35210256,3521005,3521005,3521,3530,35,5350528.33,535,,20.86690665
35210261,3521005,3521005,3521,3530,35,5350528.24,535,,30.55605925
35210262,3521005,3521005,3521,3530,35,5350528.18,535,,26.87209043
35210263,3521005,3521005,3521,3530,35,5350528.18,535,,25.53212424
35210264,3521005,3521005,3521,3530,35,5350528.18,535,,24.18177364
35210265,3521005,3521005,3521,3530,35,5350528.18,535,,25.77016702
35210266,3521005,3521005,3521,3530,35,5350528.18,535,,23.54452894
35210267,3521005,3521005,3521,3530,35,5350528.18,535,,22.01262027
35210268,3521005,3521005,3521,3530,35,5350528.18,535,,20.89156218
35210269,3521005,3521005,3521,3530,35,5350528.19,535,,20.04828119
35210270,3521005,3521005,3521,3530,35,5350528.19,535,,19.84653711
35210271,3521005,3521005,3521,3530,35,5350528.19,535,,20.24238692
35210272,3521005,3521005,3521,3530,35,5350528.19,535,,20.86792211
35210273,3521005,3521005,3521,3530,35,5350528.24,535,,22.09298662
35210274,3521005,3521005,3521,3530,35,5350528.24,535,,21.91632786
35210275,3521005,3521005,3521,3530,35,5350528.24,535,,21.0623511
35210276,3521005,3521005,3521,3530,35,5350528.24,535,,21.37578225
35210277,3521005,3521005,3521,3530,35,5350528.24,535,,20.62918882
35210278,3521005,3521005,3521,3530,35,5350528.10,535,,20.58478421
35210279,3521005,3521005,3521,3530,35,5350528.10,535,,19.87263607
35210280,3521005,3521005,3521,3530,35,5350528.10,535,,19.92508009
35210281,3521005,3521005,3521,3530,35,5350528.10,535,,20.12670534
35210282,3521005,3521005,3521,3530,35,5350528.10,535,,20.33241212
35210293,3521005,3521005,3521,3530,35,5350527.03,535,,23.24389111
35210294,3521005,3521005,3521,3530,35,5350527.03,535,,21.50155157
35210295,3521005,3521005,3521,3530,35,5350527.03,535,,20.05215879
35210296,3521005,3521005,3521,3530,35,5350527.07,535,,20.26324363
35210298,3521005,3521005,3521,3530,35,5350527.07,535,,20.95642119
35210299,3521005,3521005,3521,3530,35,5350527.07,535,,20.3661406
35210300,3521005,3521005,3521,3530,35,5350527.07,535,,20.02529528
35210301,3521005,3521005,3521,3530,35,5350527.07,535,,20.60138295
35210302,3521005,3521005,3521,3530,35,5350521.02,535,,19.80145769
35210303,3521005,3521005,3521,3530,35,5350521.02,535,,19.85721933
35210304,3521005,3521005,3521,3530,35,5350521.02,535,,19.96823834
35210305,3521005,3521005,3521,3530,35,5350521.02,535,,20.02672737
35210306,3521005,3521005,3521,3530,35,5350521.02,535,,21.92865421
35210307,3521005,3521005,3521,3530,35,5350521.02,535,,20.59045632
35210308,3521005,3521005,3521,3530,35,5350522.00,535,,22.53814225
35210309,3521005,3521005,3521,3530,35,5350522.00,535,,20.65439815
35210310,3521005,3521005,3521,3530,35,5350522.00,535,,23.11713635
35210311,3521005,3521005,3521,3530,35,5350522.00,535,,20.4417958
35210312,3521005,3521005,3521,3530,35,5350522.00,535,,20.91938546
35210313,3521005,3521005,3521,3530,35,5350527.06,535,,20.95293514
35210314,3521005,3521005,3521,3530,35,5350527.06,535,,20.71132713
35210315,3521005,3521005,3521,3530,35,5350527.06,535,,21.42095516
35210316,3521005,3521005,3521,3530,35,5350527.06,535,,22.2629489
35210317,3521005,3521005,3521,3530,35,5350527.06,535,,22.8
35210318,3521005,3521005,3521,3530,35,5350527.06,535,,23.85626937
35210319,3521005,3521005,3521,3530,35,5350527.06,535,,21.79380702
35210320,3521005,3521005,3521,3530,35,5350527.05,535,,22.83579192
35210321,3521005,3521005,3521,3530,35,5350527.05,535,,23.50208777
35210322,3521005,3521005,3521,3530,35,5350527.05,535,,25.67989433
35210323,3521005,3521005,3521,3530,35,5350527.05,535,,25.26805205
35210324,3521005,3521005,3521,3530,35,5350527.05,535,,24.84807821
35210326,3521005,3521005,3521,3530,35,5350527.05,535,,22.08971101
35210327,3521005,3521005,3521,3530,35,5350527.05,535,,21.4930928
35210328,3521005,3521005,3521,3530,35,5350527.05,535,,21.22645478
35210329,3521005,3521005,3521,3530,35,5350527.06,535,,20.98144724
35210330,3521005,3521005,3521,3530,35,5350523.00,535,,20.58602826
35210331,3521005,3521005,3521,3530,35,5350523.00,535,,21.23234064
35210332,3521005,3521005,3521,3530,35,5350523.00,535,,21.63527923
35210333,3521005,3521005,3521,3530,35,5350523.00,535,,25.45753255
35210334,3521005,3521005,3521,3530,35,5350524.01,535,,24.14887374
35210335,3521005,3521005,3521,3530,35,5350524.01,535,,23.84186308
35210338,3521005,3521005,3521,3530,35,5350524.01,535,,26.82727944
35210345,3521005,3521005,3521,3530,35,5350510.00,535,,26.08041972
35210346,3521005,3521005,3521,3530,35,5350510.00,535,,23.13100955
35210347,3521005,3521005,3521,3530,35,5350510.00,535,,25.91290192
35210348,3521005,3521005,3521,3530,35,5350510.00,535,,25.43855643
35210349,3521005,3521005,3521,3530,35,5350510.00,535,,28.73225755
35210350,3521005,3521005,3521,3530,35,5350510.00,535,,27.82202152
35210351,3521005,3521005,3521,3530,35,5350509.02,535,,22.83723593
35210352,3521005,3521005,3521,3530,35,5350509.02,535,,23.50900474
35210353,3521005,3521005,3521,3530,35,5350509.02,535,,20.99740596
35210354,3521005,3521005,3521,3530,35,5350509.02,535,,21.66456662
35210355,3521005,3521005,3521,3530,35,5350509.01,535,,23.39406826
35210356,3521005,3521005,3521,3530,35,5350509.01,535,,19.84317328
35210357,3521005,3521005,3521,3530,35,5350509.01,535,,19.08590414
35210358,3521005,3521005,3521,3530,35,5350509.01,535,,21.33870888
35210359,3521005,3521005,3521,3530,35,5350508.00,535,,22.85137949
35210360,3521005,3521005,3521,3530,35,5350508.00,535,,21.63289076
35210361,3521005,3521005,3521,3530,35,5350508.00,535,,20.89276043
35210362,3521005,3521005,3521,3530,35,5350508.00,535,,18.43721737
35210363,3521005,3521005,3521,3530,35,5350508.00,535,,18.84788901
35210364,3521005,3521005,3521,3530,35,5350508.00,535,,17.99141961
35210365,3521005,3521005,3521,3530,35,5350508.00,535,,18.45276083
35210368,3521005,3521005,3521,3530,35,5350500.01,535,,18.18419165
35210369,3521005,3521005,3521,3530,35,5350500.01,535,,17.58353694
35210370,3521005,3521005,3521,3530,35,5350540.02,535,,16.5168625
35210371,3521005,3521005,3521,3530,35,5350540.02,535,,17.53754492
35210372,3521005,3521005,3521,3530,35,5350540.02,535,,17.43633448
35210373,3521005,3521005,3521,3530,35,5350540.02,535,,17.12008852
35210374,3521005,3521005,3521,3530,35,5350540.02,535,,17.78248459
35210375,3521005,3521005,3521,3530,35,5350540.02,535,,17.22859877
35210376,3521005,3521005,3521,3530,35,5350540.02,535,,16.41106873
35210377,3521005,3521005,3521,3530,35,5350540.02,535,,16.86991191
35210378,3521005,3521005,3521,3530,35,5350540.01,535,,19.18728434
35210379,3521005,3521005,3521,3530,35,5350540.01,535,,16.41896846
35210380,3521005,3521005,3521,3530,35,5350540.01,535,,17.54866766
35210381,3521005,3521005,3521,3530,35,5350540.01,535,,17.52617685
35210384,3521005,3521005,3521,3530,35,5350540.01,535,,16.84438232
35210385,3521005,3521005,3521,3530,35,5350540.02,535,,16.99636522
35210386,3521005,3521005,3521,3530,35,5350540.01,535,,16.62062037
35210387,3521005,3521005,3521,3530,35,5350540.01,535,,16.83735455
35210388,3521005,3521005,3521,3530,35,5350540.01,535,,16.98615086
35210389,3521005,3521005,3521,3530,35,5350540.01,535,,16.78281727
35210390,3521005,3521005,3521,3530,35,5350501.02,535,,16.58463272
35210391,3521005,3521005,3521,3530,35,5350501.02,535,,16.42505917
35210392,3521005,3521005,3521,3530,35,5350501.02,535,,16.53934963
35210393,3521005,3521005,3521,3530,35,5350501.02,535,,17.16017862
35210394,3521005,3521005,3521,3530,35,5350501.02,535,,16.4986918
35210395,3521005,3521005,3521,3530,35,5350501.02,535,,16.50194372
35210396,3521005,3521005,3521,3530,35,5350501.02,535,,17.87426357
35210397,3521005,3521005,3521,3530,35,5350501.02,535,,17.19244294
35210398,3521005,3521005,3521,3530,35,5350501.02,535,,16.2
35210399,3521005,3521005,3521,3530,35,5350505.01,535,,17.01648649
35210400,3521005,3521005,3521,3530,35,5350505.02,535,,16.7984988
35210401,3521005,3521005,3521,3530,35,5350505.01,535,,17.07589829
35210402,3521005,3521005,3521,3530,35,5350505.01,535,,18.56632556
35210403,3521005,3521005,3521,3530,35,5350505.01,535,,17.40050929
35210404,3521005,3521005,3521,3530,35,5350505.01,535,,18.67283372
35210405,3521005,3521005,3521,3530,35,5350504.00,535,,22.60478351
35210406,3521005,3521005,3521,3530,35,5350504.00,535,,18.72570227
35210407,3521005,3521005,3521,3530,35,5350504.00,535,,19.33625644
35210408,3521005,3521005,3521,3530,35,5350504.00,535,,20.73984138
35210409,3521005,3521005,3521,3530,35,5350504.00,535,,18.6716978
35210410,3521005,3521005,3521,3530,35,5350504.00,535,,20.65247124
35210411,3521005,3521005,3521,3530,35,5350504.00,535,,19.01974371
35210412,3521005,3521005,3521,3530,35,5350501.01,535,,21.45506947
35210413,3521005,3521005,3521,3530,35,5350501.01,535,,21.78128793
35210414,3521005,3521005,3521,3530,35,5350501.01,535,,22.85053694
35210415,3521005,3521005,3521,3530,35,5350501.01,535,,22.51607607
35210416,3521005,3521005,3521,3530,35,5350501.01,535,,22.21021324
35210417,3521005,3521005,3521,3530,35,5350501.01,535,,21.10611188
35210418,3521005,3521005,3521,3530,35,5350501.01,535,,20.46101019
35210419,3521005,3521005,3521,3530,35,5350501.01,535,,19.84923875
35210420,3521005,3521005,3521,3530,35,5350501.01,535,,23.39912327
35210421,3521005,3521005,3521,3530,35,5350501.02,535,,17.66985524
35210422,3521005,3521005,3521,3530,35,5350501.02,535,,17.09321803
35210424,3521005,3521005,3521,3530,35,5350502.02,535,,21.80790776
35210425,3521005,3521005,3521,3530,35,5350502.01,535,,21.58370506
35210426,3521005,3521005,3521,3530,35,5350502.02,535,,21.26497693
35210427,3521005,3521005,3521,3530,35,5350502.01,535,,21.42766795
35210428,3521005,3521005,3521,3530,35,5350502.01,535,,21.52186879
35210429,3521005,3521005,3521,3530,35,5350502.01,535,,22.19737955
35210430,3521005,3521005,3521,3530,35,5350502.01,535,,22.1802271
35210431,3521005,3521005,3521,3530,35,5350502.01,535,,21.86520046
35210432,3521005,3521005,3521,3530,35,5350502.01,535,,21.53046279
35210434,3521005,3521005,3521,3530,35,5350503.00,535,,22.03413455
35210435,3521005,3521005,3521,3530,35,5350503.00,535,,21.91711936
35210436,3521005,3521005,3521,3530,35,5350503.00,535,,28.21466351
35210437,3521005,3521005,3521,3530,35,5350503.00,535,,22.6890383
35210438,3521005,3521005,3521,3530,35,5350515.01,535,,24.19242432
35210439,3521005,3521005,3521,3530,35,5350515.01,535,,23.87024035
35210440,3521005,3521005,3521,3530,35,5350515.01,535,,24.05956012
35210441,3521005,3521005,3521,3530,35,5350515.01,535,,24.30570196
35210442,3521005,3521005,3521,3530,35,5350515.01,535,,24.3956622
35210443,3521005,3521005,3521,3530,35,5350515.01,535,,24.02102539
35210444,3521005,3521005,3521,3530,35,5350515.01,535,,23.05158904
35210445,3521005,3521005,3521,3530,35,5350515.01,535,,22.5767088
35210446,3521005,3521005,3521,3530,35,5350515.02,535,,21.37162217
35210447,3521005,3521005,3521,3530,35,5350515.02,535,,21.21549646
35210448,3521005,3521005,3521,3530,35,5350515.02,535,,21.73767751
35210449,3521005,3521005,3521,3530,35,5350515.02,535,,20.92392353
35210450,3521005,3521005,3521,3530,35,5350514.02,535,,20.36252281
35210451,3521005,3521005,3521,3530,35,5350514.02,535,,19.58566569
35210452,3521005,3521005,3521,3530,35,5350514.02,535,,19.11462599
35210456,3521005,3521005,3521,3530,35,5350516.09,535,,22.69420562
35210457,3521005,3521005,3521,3530,35,5350516.09,535,,20.1890429
35210458,3521005,3521005,3521,3530,35,5350516.09,535,,19.03412748
35210459,3521005,3521005,3521,3530,35,5350516.09,535,,19.36778642
35210462,3521005,3521005,3521,3530,35,5350516.08,535,,19
35210465,3521005,3521005,3521,3530,35,5350516.17,535,,18.79812058
35210467,3521005,3521005,3521,3530,35,5350516.17,535,,19.71832634
35210468,3521005,3521005,3521,3530,35,5350516.17,535,,22.19201025
35210473,3521005,3521005,3521,3530,35,5350516.14,535,,17.78498711
35210474,3521005,3521005,3521,3530,35,5350516.14,535,,17.5959496
35210475,3521005,3521005,3521,3530,35,5350516.14,535,,17.66775597
35210476,3521005,3521005,3521,3530,35,5350516.14,535,,18.80596806
35210479,3521005,3521005,3521,3530,35,5350516.18,535,,18.71951225
35210480,3521005,3521005,3521,3530,35,5350516.18,535,,18.95337731
35210481,3521005,3521005,3521,3530,35,5350516.18,535,,19.41498923
35210482,3521005,3521005,3521,3530,35,5350516.18,535,,19.69468502
35210483,3521005,3521005,3521,3530,35,5350516.24,535,,18.77705752
35210486,3521005,3521005,3521,3530,35,5350516.24,535,,18.55268071
35210487,3521005,3521005,3521,3530,35,5350516.24,535,,19.69526197
35210488,3521005,3521005,3521,3530,35,5350516.25,535,,19.00612174
35210489,3521005,3521005,3521,3530,35,5350516.25,535,,18.7694816
35210490,3521005,3521005,3521,3530,35,5350516.25,535,,20.22227262
35210491,3521005,3521005,3521,3530,35,5350516.26,535,,20.97589624
35210492,3521005,3521005,3521,3530,35,5350516.26,535,,20.33475891
35210493,3521005,3521005,3521,3530,35,5350516.26,535,,20.62125822
35210494,3521005,3521005,3521,3530,35,5350516.26,535,,21.22149507
35210495,3521005,3521005,3521,3530,35,5350516.26,535,,20.73669175
35210496,3521005,3521005,3521,3530,35,5350516.26,535,,21.23549865
35210497,3521005,3521005,3521,3530,35,5350516.26,535,,21.20774861
35210498,3521005,3521005,3521,3530,35,5350516.26,535,,20.53286638
35210501,3521005,3521005,3521,3530,35,5350516.24,535,,18.94473776
35210502,3521005,3521005,3521,3530,35,5350516.24,535,,18.61387229
35210503,3521005,3521005,3521,3530,35,5350516.24,535,,18.75643818
35210504,3521005,3521005,3521,3530,35,5350516.24,535,,19.17475269
35210505,3521005,3521005,3521,3530,35,5350516.26,535,,23.2149185
35210506,3521005,3521005,3521,3530,35,5350516.26,535,,21.39826484
35210507,3521005,3521005,3521,3530,35,5350516.26,535,,21.78685606
35210508,3521005,3521005,3521,3530,35,5350516.26,535,,21.4108577
35210509,3521005,3521005,3521,3530,35,5350516.09,535,,21.16424675
35210510,3521005,3521005,3521,3530,35,5350516.09,535,,21.08404967
35210511,3521005,3521005,3521,3530,35,5350516.09,535,,19.88765461
35210512,3521005,3521005,3521,3530,35,5350516.09,535,,20.26925487
35210513,3521005,3521005,3521,3530,35,5350516.09,535,,22.02557575
35210514,3521005,3521005,3521,3530,35,5350516.09,535,,19.99307724
35210515,3521005,3521005,3521,3530,35,5350516.08,535,,19.80310018
35210516,3521005,3521005,3521,3530,35,5350516.08,535,,19.91973243
35210517,3521005,3521005,3521,3530,35,5350516.08,535,,20.91362458
35210520,3521005,3521005,3521,3530,35,5350516.08,535,,19.67711878
35210521,3521005,3521005,3521,3530,35,5350516.25,535,,20.31694547
35210522,3521005,3521005,3521,3530,35,5350516.25,535,,21.32781543
35210525,3521005,3521005,3521,3530,35,5350516.35,535,,16.58970459
35210526,3521005,3521005,3521,3530,35,5350516.35,535,,17.05135001
35210528,3521005,3521005,3521,3530,35,5350516.35,535,,16.90059501
35210530,3521005,3521005,3521,3530,35,5350516.29,535,,17.29238539
35210531,3521005,3521005,3521,3530,35,5350516.29,535,,16.97824836
35210532,3521005,3521005,3521,3530,35,5350516.29,535,,16.65323543
35210533,3521005,3521005,3521,3530,35,5350516.29,535,,16.67722366
35210536,3521005,3521005,3521,3530,35,5350516.28,535,,16.29090088
35210537,3521005,3521005,3521,3530,35,5350516.28,535,,16.45378324
35210539,3521005,3521005,3521,3530,35,5350516.05,535,,17.23794777
35210542,3521005,3521005,3521,3530,35,5350516.29,535,,16.67852293
35210543,3521005,3521005,3521,3530,35,5350516.29,535,,17.65892542
35210545,3521005,3521005,3521,3530,35,5350516.06,535,,20.42662499
35210546,3521005,3521005,3521,3530,35,5350516.06,535,,20.02920682
35210547,3521005,3521005,3521,3530,35,5350516.06,535,,18.41332568
35210550,3521005,3521005,3521,3530,35,5350516.05,535,,17.67283581
35210551,3521005,3521005,3521,3530,35,5350516.05,535,,17.0516958
35210552,3521005,3521005,3521,3530,35,5350516.05,535,,17.23306802
35210553,3521005,3521005,3521,3530,35,5350516.01,535,,16.65594649
35210554,3521005,3521005,3521,3530,35,5350516.01,535,,15.51419866
35210555,3521005,3521005,3521,3530,35,5350516.01,535,,15.27373521
35210556,3521005,3521005,3521,3530,35,5350516.23,535,,14.89525955
35210557,3521005,3521005,3521,3530,35,5350516.23,535,,14.70537607
35210558,3521005,3521005,3521,3530,35,5350516.22,535,,14.55987985
35210559,3521005,3521005,3521,3530,35,5350516.22,535,,14.4971683
35210561,3521005,3521005,3521,3530,35,5350516.22,535,,14.46169515
35210564,3521005,3521005,3521,3530,35,5350516.32,535,,14.37441015
35210565,3521005,3521005,3521,3530,35,5350516.32,535,,14.10204581
35210566,3521005,3521005,3521,3530,35,5350516.32,535,,14.00249496
35210567,3521005,3521005,3521,3530,35,5350516.32,535,,14.02334456
35210569,3521005,3521005,3521,3530,35,5350516.32,535,,14.77955218
35210570,3521005,3521005,3521,3530,35,5350516.32,535,,14.63124241
35210571,3521005,3521005,3521,3530,35,5350516.20,535,,16.42773092
35210572,3521005,3521005,3521,3530,35,5350516.20,535,,15.8354817
35210573,3521005,3521005,3521,3530,35,5350516.20,535,,18.03711186
35210574,3521005,3521005,3521,3530,35,5350516.20,535,,17.90434279
35210575,3521005,3521005,3521,3530,35,5350516.20,535,,17.11206922
35210576,3521005,3521005,3521,3530,35,5350516.20,535,,16.89817725
35210577,3521005,3521005,3521,3530,35,5350516.20,535,,17.61949716
35210578,3521005,3521005,3521,3530,35,5350516.20,535,,16.18239842
35210579,3521005,3521005,3521,3530,35,5350516.20,535,,16.96932306
35210580,3521005,3521005,3521,3530,35,5350516.20,535,,16.10691477
35210583,3521005,3521005,3521,3530,35,5350516.02,535,,18.80810383
35210584,3521005,3521005,3521,3530,35,5350516.02,535,,18.50689716
35210585,3521005,3521005,3521,3530,35,5350516.02,535,,18.74457342
35210587,3521005,3521005,3521,3530,35,5350516.02,535,,21.59976033
35210588,3521005,3521005,3521,3530,35,5350516.03,535,,21.11615853
35210589,3521005,3521005,3521,3530,35,5350516.03,535,,23.54031613
35210590,3521005,3521005,3521,3530,35,5350516.03,535,,22.52696046
35210591,3521005,3521005,3521,3530,35,5350516.03,535,,23.85454074
35210592,3521005,3521005,3521,3530,35,5350516.02,535,,22.80741028
35210593,3521005,3521005,3521,3530,35,5350516.04,535,,22.92481314
35210598,3521005,3521005,3521,3530,35,5350516.04,535,,22.25885743
35210601,3521005,3521005,3521,3530,35,5350516.03,535,,19.12234834
35210602,3521005,3521005,3521,3530,35,5350516.03,535,,18.50786758
35210603,3521005,3521005,3521,3530,35,5350516.03,535,,19.49672371
35210604,3521005,3521005,3521,3530,35,5350516.03,535,,18.93941781
35210605,3521005,3521005,3521,3530,35,5350516.03,535,,20.04885125
35210606,3521005,3521005,3521,3530,35,5350516.01,535,,17.38285894
35210607,3521005,3521005,3521,3530,35,5350516.01,535,,15.82600617
35210609,3521005,3521005,3521,3530,35,5350550.01,535,,24.92254569
35210610,3521005,3521005,3521,3530,35,5350550.01,535,,21.27301062
35210611,3521005,3521005,3521,3530,35,5350550.02,535,,19.94192253
35210612,3521005,3521005,3521,3530,35,5350550.02,535,,19.21738556
35210613,3521005,3521005,3521,3530,35,5350550.02,535,,19.4698038
35210614,3521005,3521005,3521,3530,35,5350550.02,535,,19.17172377
35210615,3521005,3521005,3521,3530,35,5350550.02,535,,18.04455274
35210616,3521005,3521005,3521,3530,35,5350550.02,535,,17.80122068
35210617,3521005,3521005,3521,3530,35,5350550.02,535,,19.15839894
35210618,3521005,3521005,3521,3530,35,5350550.02,535,,17.36760268
35210621,3521005,3521005,3521,3530,35,5350550.02,535,,17.89033128
35210625,3521005,3521005,3521,3530,35,5350516.30,535,,17.58559474
35210626,3521005,3521005,3521,3530,35,5350516.30,535,,17.53639386
35210632,3521005,3521005,3521,3530,35,5350516.11,535,,21.16239202
35210633,3521005,3521005,3521,3530,35,5350516.11,535,,18.26394672
35210634,3521005,3521005,3521,3530,35,5350516.11,535,,18.23144234
35210635,3521005,3521005,3521,3530,35,5350516.11,535,,19.46616335
35210638,3521005,3521005,3521,3530,35,5350516.16,535,,18.84452614
35210639,3521005,3521005,3521,3530,35,5350516.09,535,,20.40315517
35210640,3521005,3521005,3521,3530,35,5350516.16,535,,19.48015857
35210641,3521005,3521005,3521,3530,35,5350516.16,535,,18.66141418
35210642,3521005,3521005,3521,3530,35,5350516.11,535,,19.0552145
35210644,3521005,3521005,3521,3530,35,5350516.11,535,,19.18260207
35210645,3521005,3521005,3521,3530,35,5350527.09,535,,20.67601896
35210646,3521005,3521005,3521,3530,35,5350528.01,535,,18.99492711
35210647,3521005,3521005,3521,3530,35,5350528.01,535,,19.1107503
35210648,3521005,3521005,3521,3530,35,5350528.01,535,,19.56744363
35210651,3521005,3521005,3521,3530,35,5350528.01,535,,20.38805363
35210652,3521005,3521005,3521,3530,35,5350528.01,535,,20.84017515
35210653,3521005,3521005,3521,3530,35,5350528.02,535,,20.65318732
35210655,3521005,3521005,3521,3530,35,5350528.02,535,,19.86635444
35210656,3521005,3521005,3521,3530,35,5350528.02,535,,19.52521132
35210657,3521005,3521005,3521,3530,35,5350528.02,535,,19.86774911
35210659,3521005,3521005,3521,3530,35,5350528.01,535,,19.76502892
35210660,3521005,3521005,3521,3530,35,5350528.15,535,,19.6986117
35210661,3521005,3521005,3521,3530,35,5350528.13,535,,19.3
35210662,3521005,3521005,3521,3530,35,5350528.13,535,,19.57806143
35210663,3521005,3521005,3521,3530,35,5350528.15,535,,19.27636659
35210664,3521005,3521005,3521,3530,35,5350528.15,535,,19.13594745
35210665,3521005,3521005,3521,3530,35,5350528.15,535,,19.02847846
35210666,3521005,3521005,3521,3530,35,5350528.13,535,,18.87348916
35210667,3521005,3521005,3521,3530,35,5350528.12,535,,18.10260484
35210668,3521005,3521005,3521,3530,35,5350528.12,535,,17.73207547
35210669,3521005,3521005,3521,3530,35,5350528.12,535,,17.76229324
35210672,3521005,3521005,3521,3530,35,5350528.12,535,,18.2745015
35210673,3521005,3521005,3521,3530,35,5350528.12,535,,18.1020735
35210674,3521005,3521005,3521,3530,35,5350528.12,535,,17.72805153
35210675,3521005,3521005,3521,3530,35,5350528.14,535,,17.40414046
35210676,3521005,3521005,3521,3530,35,5350528.14,535,,17.91998442
35210679,3521005,3521005,3521,3530,35,5350528.16,535,,19.38036486
35210680,3521005,3521005,3521,3530,35,5350528.16,535,,19.32752708
35210681,3521005,3521005,3521,3530,35,5350528.16,535,,19.3
35210682,3521005,3521005,3521,3530,35,5350528.16,535,,19.33623035
35210683,3521005,3521005,3521,3530,35,5350528.16,535,,19.74869483
35210685,3521005,3521005,3521,3530,35,5350528.02,535,,19.9953463
35210686,3521005,3521005,3521,3530,35,5350528.02,535,,20.07844463
35210687,3521005,3521005,3521,3530,35,5350528.02,535,,21.51642004
35210689,3521005,3521005,3521,3530,35,5350527.08,535,,25.4471054
35210690,3521005,3521005,3521,3530,35,5350527.08,535,,25.68053132
35210691,3521005,3521005,3521,3530,35,5350527.08,535,,23.30934662
35210692,3521005,3521005,3521,3530,35,5350527.08,535,,22.36545888
35210693,3521005,3521005,3521,3530,35,5350527.08,535,,21.96793124
35210694,3521005,3521005,3521,3530,35,5350527.08,535,,21.99954918
35210695,3521005,3521005,3521,3530,35,5350527.08,535,,22.08923663
35210696,3521005,3521005,3521,3530,35,5350527.08,535,,22.723764
35210697,3521005,3521005,3521,3530,35,5350527.09,535,,21.89513905
35210698,3521005,3521005,3521,3530,35,5350527.09,535,,22.05196187
35210699,3521005,3521005,3521,3530,35,5350527.09,535,,21.99472851
35210700,3521005,3521005,3521,3530,35,5350527.09,535,,22.13403833
35210701,3521005,3521005,3521,3530,35,5350527.09,535,,22.92198055
35210702,3521005,3521005,3521,3530,35,5350519.00,535,,21.76100197
35210703,3521005,3521005,3521,3530,35,5350519.00,535,,20.53840848
35210704,3521005,3521005,3521,3530,35,5350519.00,535,,20.63352026
35210705,3521005,3521005,3521,3530,35,5350517.00,535,,19.9896499
35210706,3521005,3521005,3521,3530,35,5350517.00,535,,19.73452723
35210707,3521005,3521005,3521,3530,35,5350517.00,535,,19.2261159
35210708,3521005,3521005,3521,3530,35,5350518.00,535,,19.68565251
35210709,3521005,3521005,3521,3530,35,5350518.00,535,,20.63507219
35210710,3521005,3521005,3521,3530,35,5350518.00,535,,20.91589802
35210711,3521005,3521005,3521,3530,35,5350518.00,535,,20.90620465
35210714,3521005,3521005,3521,3530,35,5350520.01,535,,20.79536275
35210715,3521005,3521005,3521,3530,35,5350513.01,535,,20.41787197
35210716,3521005,3521005,3521,3530,35,5350513.01,535,,19.46307917
35210717,3521005,3521005,3521,3530,35,5350513.01,535,,19.16584267
35210718,3521005,3521005,3521,3530,35,5350513.01,535,,18.91523363
35210719,3521005,3521005,3521,3530,35,5350513.01,535,,18.36959453
35210720,3521005,3521005,3521,3530,35,5350513.01,535,,19.130928
35210721,3521005,3521005,3521,3530,35,5350513.01,535,,18.33710854
35210722,3521005,3521005,3521,3530,35,5350514.01,535,,20.83655378
35210723,3521005,3521005,3521,3530,35,5350514.01,535,,19.03787085
35210724,3521005,3521005,3521,3530,35,5350514.01,535,,22.97951265
35210725,3521005,3521005,3521,3530,35,5350514.01,535,,17.77687538
35210726,3521005,3521005,3521,3530,35,5350514.01,535,,20.76176836
35210727,3521005,3521005,3521,3530,35,5350514.02,535,,21.09481141
35210730,3521005,3521005,3521,3530,35,5350515.02,535,,21.90641505
35210732,3521005,3521005,3521,3530,35,5350503.00,535,,26.91318885
35210733,3521005,3521005,3521,3530,35,5350503.00,535,,19.77696371
35210734,3521005,3521005,3521,3530,35,5350503.00,535,,20.29987811
35210735,3521005,3521005,3521,3530,35,5350503.00,535,,21.38485397
35210736,3521005,3521005,3521,3530,35,5350502.02,535,,21.00374557
35210737,3521005,3521005,3521,3530,35,5350502.02,535,,20.72111589
35210738,3521005,3521005,3521,3530,35,5350502.02,535,,20.11608479
35210739,3521005,3521005,3521,3530,35,5350505.01,535,,20.38681485
35210740,3521005,3521005,3521,3530,35,5350505.01,535,,17.55633088
35210741,3521005,3521005,3521,3530,35,5350505.01,535,,17.70706112
35210742,3521005,3521005,3521,3530,35,5350505.01,535,,21.00144807
35210743,3521005,3521005,3521,3530,35,5350505.02,535,,18.4490874
35210746,3521005,3521005,3521,3530,35,5350505.02,535,,16.93507548
35210747,3521005,3521005,3521,3530,35,5350505.02,535,,18.63289924
35210748,3521005,3521005,3521,3530,35,5350506.00,535,,18.14551106
35210749,3521005,3521005,3521,3530,35,5350506.00,535,,20.80553316
35210750,3521005,3521005,3521,3530,35,5350506.00,535,,18.30360119
35210751,3521005,3521005,3521,3530,35,5350506.00,535,,17.8189906
35210752,3521005,3521005,3521,3530,35,5350506.00,535,,17.33091205
35210753,3521005,3521005,3521,3530,35,5350507.00,535,,17.57978809
35210754,3521005,3521005,3521,3530,35,5350507.00,535,,17.92775741
35210755,3521005,3521005,3521,3530,35,5350507.00,535,,17.4263762
35210756,3521005,3521005,3521,3530,35,5350500.01,535,,17.51612257
35210757,3521005,3521005,3521,3530,35,5350507.00,535,,18.04075689
35210758,3521005,3521005,3521,3530,35,5350507.00,535,,19.51866508
35210759,3521005,3521005,3521,3530,35,5350507.00,535,,21.50646927
35210764,3521005,3521005,3521,3530,35,5350513.03,535,,19.35384998
35210766,3521005,3521005,3521,3530,35,5350513.03,535,,19.3192496
35210772,3521005,3521005,3521,3530,35,5350512.00,535,,21.28504433
35210773,3521005,3521005,3521,3530,35,5350512.00,535,,20.1812847
35210774,3521005,3521005,3521,3530,35,5350512.00,535,,21.40770159
35210775,3521005,3521005,3521,3530,35,5350512.00,535,,20.76474887
35210776,3521005,3521005,3521,3530,35,5350512.00,535,,21.01659598
35210777,3521005,3521005,3521,3530,35,5350512.00,535,,22.00558598
35210778,3521005,3521005,3521,3530,35,5350512.00,535,,23.3063222
35210779,3521005,3521005,3521,3530,35,5350521.05,535,,21.89439623
35210780,3521005,3521005,3521,3530,35,5350521.04,535,,21.82480979
35210781,3521005,3521005,3521,3530,35,5350521.04,535,,21.43022462
35210782,3521005,3521005,3521,3530,35,5350521.04,535,,21.33411691
35210783,3521005,3521005,3521,3530,35,5350521.04,535,,21.67207688
35210784,3521005,3521005,3521,3530,35,5350521.04,535,,22.90044846
35210785,3521005,3521005,3521,3530,35,5350521.04,535,,22.30045574
35210786,3521005,3521005,3521,3530,35,5350522.00,535,,24.18383119
35210787,3521005,3521005,3521,3530,35,5350522.00,535,,24.13710528
35210788,3521005,3521005,3521,3530,35,5350522.00,535,,23.55593245
35210789,3521005,3521005,3521,3530,35,5350522.00,535,,24.29992807
35210790,3521005,3521005,3521,3530,35,5350510.00,535,,24.07032546
35210791,3521005,3521005,3521,3530,35,5350510.00,535,,21.84138236
35210792,3521005,3521005,3521,3530,35,5350510.00,535,,24.03506136
35210793,3521005,3521005,3521,3530,35,5350510.00,535,,25.64480892
35210794,3521005,3521005,3521,3530,35,5350511.02,535,,29.18498214
35210795,3521005,3521005,3521,3530,35,5350511.02,535,,23.38090672
35210796,3521005,3521005,3521,3530,35,5350511.02,535,,21.03690979
35210797,3521005,3521005,3521,3530,35,5350511.02,535,,21.25059886
35210798,3521005,3521005,3521,3530,35,5350511.02,535,,21.80483661
35210799,3521005,3521005,3521,3530,35,5350511.02,535,,21.2283406
35210800,3521005,3521005,3521,3530,35,5350511.02,535,,20.54412788
35210801,3521005,3521005,3521,3530,35,5350511.02,535,,22.89179845
35210802,3521005,3521005,3521,3530,35,5350511.02,535,,22.52609612
35210803,3521005,3521005,3521,3530,35,5350511.02,535,,19.82780435
35210804,3521005,3521005,3521,3530,35,5350511.01,535,,20.29173227
35210805,3521005,3521005,3521,3530,35,5350512.00,535,,20.51475804
35210806,3521005,3521005,3521,3530,35,5350521.04,535,,20.92964708
35210807,3521005,3521005,3521,3530,35,5350521.04,535,,20.65971088
35210808,3521005,3521005,3521,3530,35,5350521.04,535,,20.24719277
35210809,3521005,3521005,3521,3530,35,5350521.03,535,,19.72952053
35210811,3521005,3521005,3521,3530,35,5350521.03,535,,19.97949269
35210812,3521005,3521005,3521,3530,35,5350521.05,535,,20.51247864
35210815,3521005,3521005,3521,3530,35,5350521.05,535,,21.4690639
35210816,3521005,3521005,3521,3530,35,5350521.05,535,,20.31910465
35210826,3521005,3521005,3521,3530,35,5350513.02,535,,19.31366902
35210827,3521005,3521005,3521,3530,35,5350513.02,535,,18.97865013
35210828,3521005,3521005,3521,3530,35,5350513.02,535,,18.38956873
35210829,3521005,3521005,3521,3530,35,5350513.02,535,,18.18501916
35210830,3521005,3521005,3521,3530,35,5350513.02,535,,18.93108217
35210831,3521005,3521005,3521,3530,35,5350513.04,535,,18.79955909
35210832,3521005,3521005,3521,3530,35,5350513.04,535,,18.57756933
35210833,3521005,3521005,3521,3530,35,5350513.04,535,,18.81904226
35210834,3521005,3521005,3521,3530,35,5350513.04,535,,19.15446144
35210835,3521005,3521005,3521,3530,35,5350513.04,535,,19.87948229
35210836,3521005,3521005,3521,3530,35,5350513.02,535,,19.12973386
35210837,3521005,3521005,3521,3530,35,5350513.04,535,,19.31599478
35210838,3521005,3521005,3521,3530,35,5350513.01,535,,18.65905994
35210839,3521005,3521005,3521,3530,35,5350513.01,535,,18.1592598
35210840,3521005,3521005,3521,3530,35,5350513.04,535,,18.40179113
35210841,3521005,3521005,3521,3530,35,5350513.03,535,,21.04081722
35210842,3521005,3521005,3521,3530,35,5350520.02,535,,21.50915043
35210843,3521005,3521005,3521,3530,35,5350520.02,535,,21.40311599
35210844,3521005,3521005,3521,3530,35,5350520.02,535,,21.49767575
35210845,3521005,3521005,3521,3530,35,5350520.02,535,,21.02722171
35210846,3521005,3521005,3521,3530,35,5350520.02,535,,20.36512946
35210847,3521005,3521005,3521,3530,35,5350520.05,535,,20.41281805
35210848,3521005,3521005,3521,3530,35,5350520.05,535,,19.71497135
35210849,3521005,3521005,3521,3530,35,5350520.05,535,,19.87146117
35210850,3521005,3521005,3521,3530,35,5350520.05,535,,19.5563301
35210851,3521005,3521005,3521,3530,35,5350521.03,535,,19.20162768
35210852,3521005,3521005,3521,3530,35,5350521.03,535,,19.77555552
35210855,3521005,3521005,3521,3530,35,5350521.04,535,,20.29042814
35210862,3521005,3521005,3521,3530,35,5350527.03,535,,19.81410438
35210871,3521005,3521005,3521,3530,35,5350520.06,535,,20.00392014
35210876,3521005,3521005,3521,3530,35,5350520.06,535,,20.72630172
35210878,3521005,3521005,3521,3530,35,5350520.06,535,,20.66821153
35210886,3521005,3521005,3521,3530,35,5350527.01,535,,22.96343607
35210887,3521005,3521005,3521,3530,35,5350527.01,535,,24.7158971
35210888,3521005,3521005,3521,3530,35,5350527.01,535,,22.06809581
35210889,3521005,3521005,3521,3530,35,5350527.01,535,,22.48922236
35210890,3521005,3521005,3521,3530,35,5350527.01,535,,22.19315326
35210891,3521005,3521005,3521,3530,35,5350527.01,535,,21.99346299
35210896,3521005,3521005,3521,3530,35,5350520.01,535,,22.63935404
35210897,3521005,3521005,3521,3530,35,5350520.01,535,,21.48709634
35210898,3521005,3521005,3521,3530,35,5350520.01,535,,21.0041187
35210899,3521005,3521005,3521,3530,35,5350520.01,535,,20.86120593
35210900,3521005,3521005,3521,3530,35,5350520.01,535,,20.80532522
35210901,3521005,3521005,3521,3530,35,5350520.01,535,,20.68925337
35210902,3521005,3521005,3521,3530,35,5350520.01,535,,21.13969487
35210903,3521005,3521005,3521,3530,35,5350520.01,535,,21.3
35210905,3521005,3521005,3521,3530,35,5350519.00,535,,21.29422893
35210906,3521005,3521005,3521,3530,35,5350519.00,535,,21.15749629
35210908,3521005,3521005,3521,3530,35,5350528.10,535,,21.08379234
35210910,3521005,3521005,3521,3530,35,5350528.10,535,,19.92671225
35210911,3521005,3521005,3521,3530,35,5350528.24,535,,20.82357409
35210912,3521005,3521005,3521,3530,35,5350528.19,535,,20.36775236
35210913,3521005,3521005,3521,3530,35,5350528.19,535,,19.90361101
35210914,3521005,3521005,3521,3530,35,5350528.19,535,,19.90142131
35210919,3521005,3521005,3521,3530,35,5350528.18,535,,22.13287962
35210922,3521005,3521005,3521,3530,35,5350527.03,535,,19.46633784
35210923,3521005,3521005,3521,3530,35,5350527.03,535,,20.05004601
35210926,3521005,3521005,3521,3530,35,5350528.13,535,,18.88400369
35210927,3521005,3521005,3521,3530,35,5350528.13,535,,18.52394041
35210928,3521005,3521005,3521,3530,35,5350528.13,535,,19.26561191
35210929,3521005,3521005,3521,3530,35,5350550.02,535,,18.39505225
35210930,3521005,3521005,3521,3530,35,5350550.02,535,,19.17789832
35210931,3521005,3521005,3521,3530,35,5350516.30,535,,19.14142358
35210932,3521005,3521005,3521,3530,35,5350516.31,535,,20.72771481
35210933,3521005,3521005,3521,3530,35,5350516.30,535,,18.53650401
35210934,3521005,3521005,3521,3530,35,5350516.23,535,,15.01918812
35210935,3521005,3521005,3521,3530,35,5350516.23,535,,15.00139573
35210936,3521005,3521005,3521,3530,35,5350516.23,535,,15.16293044
35210937,3521005,3521005,3521,3530,35,5350516.01,535,,15.26585236
35210938,3521005,3521005,3521,3530,35,5350516.01,535,,15.29330793
35210939,3521005,3521005,3521,3530,35,5350516.01,535,,15.20426668
35210940,3521005,3521005,3521,3530,35,5350516.01,535,,15.87207417
35210941,3521005,3521005,3521,3530,35,5350516.05,535,,16.99279836
35210942,3521005,3521005,3521,3530,35,5350516.05,535,,15.81343921
35210943,3521005,3521005,3521,3530,35,5350516.01,535,,16.06304138
35210944,3521005,3521005,3521,3530,35,5350516.05,535,,16.45836216
35210945,3521005,3521005,3521,3530,35,5350516.05,535,,17.32903207
35210946,3521005,3521005,3521,3530,35,5350516.23,535,,14.85135802
35210947,3521005,3521005,3521,3530,35,5350516.23,535,,15.26310497
35210948,3521005,3521005,3521,3530,35,5350516.23,535,,15
35210949,3521005,3521005,3521,3530,35,5350500.02,535,,18.68540888
35210951,3521005,3521005,3521,3530,35,5350500.02,535,,18.07517031
35210952,3521005,3521005,3521,3530,35,5350509.01,535,,18.15848847
35210953,3521005,3521005,3521,3530,35,5350509.01,535,,18.24932441
35210954,3521005,3521005,3521,3530,35,5350509.01,535,,18.91584182
35210955,3521005,3521005,3521,3530,35,5350509.02,535,,18.94680913
35210956,3521005,3521005,3521,3530,35,5350500.02,535,,18.62676333
35210957,3521005,3521005,3521,3530,35,5350500.02,535,,18.7575104
35210958,3521005,3521005,3521,3530,35,5350500.02,535,,19.54291102
35210959,3521005,3521005,3521,3530,35,5350500.02,535,,20.08558791
35210961,3521005,3521005,3521,3530,35,5350509.01,535,,18.81539959
35210964,3521005,3521005,3521,3530,35,5350510.00,535,,28.41383433
35210967,3521005,3521005,3521,3530,35,5350525.02,535,,27.24362921
35210970,3521005,3521005,3521,3530,35,5350525.01,535,,24.62511106
35210972,3521005,3521005,3521,3530,35,5350524.02,535,,26.8845119
35210973,3521005,3521005,3521,3530,35,5350524.02,535,,25.15243679
35210974,3521005,3521005,3521,3530,35,5350523.00,535,,22.86457345
35210975,3521005,3521005,3521,3530,35,5350526.01,535,,26.06042755
35210976,3521005,3521005,3521,3530,35,5350526.01,535,,22.76772765
35210977,3521005,3521005,3521,3530,35,5350526.01,535,,22.77984911
35210981,3521005,3521005,3521,3530,35,5350526.01,535,,22.40426295
35210984,3521005,3521005,3521,3530,35,5350526.02,535,,22.67648312
35210985,3521005,3521005,3521,3530,35,5350526.02,535,,23.90481679
35210989,3521005,3521005,3521,3530,35,5350527.04,535,,23.40598676
35210993,3521005,3521005,3521,3530,35,5350527.04,535,,26.29510423
35210996,3521005,3521005,3521,3530,35,5350527.04,535,,26.28455886
35210997,3521005,3521005,3521,3530,35,5350527.02,535,,27.12088683
35210998,3521005,3521005,3521,3530,35,5350527.02,535,,25.42196139
35210999,3521005,3521005,3521,3530,35,5350527.02,535,,25.54298983
35211000,3521005,3521005,3521,3530,35,5350527.02,535,,24.64125785
35211001,3521005,3521005,3521,3530,35,5350527.02,535,,25.7106239
35211003,3521005,3521005,3521,3530,35,5350527.02,535,,23.15660822
35211005,3521005,3521005,3521,3530,35,5350526.01,535,,23.24160897
35211006,3521005,3521005,3521,3530,35,5350523.00,535,,20.80070667
35211007,3521005,3521005,3521,3530,35,5350523.00,535,,20.45509456
35211008,3521005,3521005,3521,3530,35,5350523.00,535,,21.4460789
35211009,3521005,3521005,3521,3530,35,5350524.02,535,,23.88741302
35211010,3521005,3521005,3521,3530,35,5350526.01,535,,21.94092799
35211011,3521005,3521005,3521,3530,35,5350526.01,535,,22.671481
35211013,3521005,3521005,3521,3530,35,5350527.02,535,,23.58690782
35211014,3521005,3521005,3521,3530,35,5350527.04,535,,23.5200574
35211016,3521005,3521005,3521,3530,35,5350528.04,535,,25.19897705
35211017,3521005,3521005,3521,3530,35,5350528.04,535,,23.67137887
35211018,3521005,3521005,3521,3530,35,5350528.04,535,,22.51082347
35211019,3521005,3521005,3521,3530,35,5350528.04,535,,22.24974298
35211021,3521005,3521005,3521,3530,35,5350528.04,535,,22.78967521
35211022,3521005,3521005,3521,3530,35,5350528.25,535,,25.3463605
35211023,3521005,3521005,3521,3530,35,5350528.25,535,,24.04714071
35211024,3521005,3521005,3521,3530,35,5350528.25,535,,23.36134211
35211025,3521005,3521005,3521,3530,35,5350528.25,535,,25.00002498
35211031,3521005,3521005,3521,3530,35,5350528.25,535,,24.32186691
35211032,3521005,3521005,3521,3530,35,5350528.25,535,,23.56198669
35211033,3521005,3521005,3521,3530,35,5350528.26,535,,23.58021339
35211034,3521005,3521005,3521,3530,35,5350528.26,535,,24.44941596
35211035,3521005,3521005,3521,3530,35,5350528.26,535,,23.21520021
35211036,3521005,3521005,3521,3530,35,5350528.26,535,,23.92166806
35211037,3521005,3521005,3521,3530,35,5350528.26,535,,26.54254447
35211038,3521005,3521005,3521,3530,35,5350528.26,535,,23.66910568
35211039,3521005,3521005,3521,3530,35,5350528.24,535,,22.78700709
35211044,3521005,3521005,3521,3530,35,5350528.34,535,,31.32574423
35211046,3521005,3521005,3521,3530,35,5350528.25,535,,25.77258625
35211052,3521005,3521005,3521,3530,35,5350529.01,535,,21.42545799
35211053,3521005,3521005,3521,3530,35,5350529.01,535,,23.97018711
35211054,3521005,3521005,3521,3530,35,5350529.01,535,,22.10767817
35211055,3521005,3521005,3521,3530,35,5350529.01,535,,21.50970088
35211056,3521005,3521005,3521,3530,35,5350529.01,535,,22.35803844
35211057,3521005,3521005,3521,3530,35,5350529.01,535,,24.38587776
35211058,3521005,3521005,3521,3530,35,5350529.02,535,,22.13354242
35211059,3521005,3521005,3521,3530,35,5350529.02,535,,21.48684266
35211060,3521005,3521005,3521,3530,35,5350529.02,535,,23.0843145
35211061,3521005,3521005,3521,3530,35,5350529.02,535,,21.16766506
35211065,3521005,3521005,3521,3530,35,5350530.01,535,,21.09899729
35211066,3521005,3521005,3521,3530,35,5350530.01,535,,21.21050537
35211067,3521005,3521005,3521,3530,35,5350530.01,535,,21.29223607
35211068,3521005,3521005,3521,3530,35,5350531.02,535,,21.16132855
35211069,3521005,3521005,3521,3530,35,5350531.02,535,,21.57199745
35211070,3521005,3521005,3521,3530,35,5350531.02,535,,21.30081375
35211071,3521005,3521005,3521,3530,35,5350531.01,535,,20.90770688
35211072,3521005,3521005,3521,3530,35,5350531.01,535,,20.89446068
35211073,3521005,3521005,3521,3530,35,5350531.01,535,,20.65764866
35211074,3521005,3521005,3521,3530,35,5350531.01,535,,20.54311403
35211077,3521005,3521005,3521,3530,35,5350532.02,535,,21.30098216
35211078,3521005,3521005,3521,3530,35,5350532.02,535,,20.90322136
35211079,3521005,3521005,3521,3530,35,5350532.02,535,,20.94041678
35211080,3521005,3521005,3521,3530,35,5350532.02,535,,20.50886211
35211081,3521005,3521005,3521,3530,35,5350532.02,535,,20.81340879
35211082,3521005,3521005,3521,3530,35,5350532.02,535,,20.69909543
35211083,3521005,3521005,3521,3530,35,5350529.02,535,,20.71975748
35211084,3521005,3521005,3521,3530,35,5350529.02,535,,20.88627895
35211085,3521005,3521005,3521,3530,35,5350529.02,535,,21.12168579
35211086,3521005,3521005,3521,3530,35,5350529.02,535,,21.21745196
35211087,3521005,3521005,3521,3530,35,5350529.02,535,,20.84114284
35211088,3521005,3521005,3521,3530,35,5350532.01,535,,20.22879192
35211089,3521005,3521005,3521,3530,35,5350529.01,535,,20.94381046
35211090,3521005,3521005,3521,3530,35,5350532.01,535,,20.79564556
35211091,3521005,3521005,3521,3530,35,5350532.01,535,,20.13951313
35211092,3521005,3521005,3521,3530,35,5350532.01,535,,20.36005818
35211093,3521005,3521005,3521,3530,35,5350532.01,535,,20.50071993
35211094,3521005,3521005,3521,3530,35,5350532.01,535,,20.23179933
35211095,3521005,3521005,3521,3530,35,5350532.01,535,,20.45614256
35211096,3521005,3521005,3521,3530,35,5350532.01,535,,20.44498964
35211097,3521005,3521005,3521,3530,35,5350532.01,535,,20.46406704
35211098,3521005,3521005,3521,3530,35,5350532.02,535,,20.91299879
35211099,3521005,3521005,3521,3530,35,5350532.02,535,,21.03542089
35211102,3521005,3521005,3521,3530,35,5350531.02,535,,21.46942857
35211103,3521005,3521005,3521,3530,35,5350531.02,535,,21.66992013
35211104,3521005,3521005,3521,3530,35,5350531.02,535,,21.85263475
35211105,3521005,3521005,3521,3530,35,5350531.02,535,,21.58890369
35211106,3521005,3521005,3521,3530,35,5350531.02,535,,20.99845259
35211107,3521005,3521005,3521,3530,35,5350531.02,535,,32.21491746
35211108,3521005,3521005,3521,3530,35,5350531.02,535,,28.93520474
35211109,3521005,3521005,3521,3530,35,5350531.02,535,,25.62442652
35211110,3521005,3521005,3521,3530,35,5350531.02,535,,21.99459639
35211111,3521005,3521005,3521,3530,35,5350531.02,535,,22.65479021
35211112,3521005,3521005,3521,3530,35,5350530.01,535,,21.15390341
35211113,3521005,3521005,3521,3530,35,5350530.01,535,,21.21188961
35211114,3521005,3521005,3521,3530,35,5350530.02,535,,26.65791835
35211120,3521010,3521010,3521,3530,35,5350562.09,535,,22.68020694
35211121,3521010,3521010,3521,3530,35,5350562.08,535,,22.87510679
35211122,3521010,3521010,3521,3530,35,5350562.08,535,,20.91698024
35211123,3521010,3521010,3521,3530,35,5350562.08,535,,22.33759787
35211124,3521010,3521010,3521,3530,35,5350562.08,535,,20.92023092
35211125,3521010,3521010,3521,3530,35,5350562.08,535,,20.02511634
35211126,3521010,3521010,3521,3530,35,5350562.08,535,,19.47945109
35211127,3521010,3521010,3521,3530,35,5350562.08,535,,17.9298763
35211128,3521010,3521010,3521,3530,35,5350562.08,535,,17.73943367
35211130,3521010,3521010,3521,3530,35,5350562.07,535,,17.15588118
35211131,3521010,3521010,3521,3530,35,5350562.07,535,,17.30004588
35211132,3521010,3521010,3521,3530,35,5350562.06,535,,16.37867166
35211133,3521010,3521010,3521,3530,35,5350562.03,535,,15.23804703
35211134,3521010,3521010,3521,3530,35,5350562.03,535,,14.92688405
35211135,3521010,3521010,3521,3530,35,5350562.03,535,,14.34138704
35211136,3521010,3521010,3521,3530,35,5350562.03,535,,14.40286705
35211137,3521010,3521010,3521,3530,35,5350562.03,535,,15.44547823
35211138,3521010,3521010,3521,3530,35,5350562.03,535,,14.46389595
35211139,3521010,3521010,3521,3530,35,5350562.03,535,,14.84252305
35211140,3521010,3521010,3521,3530,35,5350562.03,535,,14.16810846
35211141,3521010,3521010,3521,3530,35,5350562.04,535,,14.64160401
35211142,3521010,3521010,3521,3530,35,5350562.04,535,,14.99074338
35211143,3521010,3521010,3521,3530,35,5350562.04,535,,14.83855404
35211144,3521010,3521010,3521,3530,35,5350562.04,535,,14.80027689
35211145,3521010,3521010,3521,3530,35,5350562.04,535,,15.60165816
35211146,3521010,3521010,3521,3530,35,5350562.04,535,,15.5444538
35211147,3521010,3521010,3521,3530,35,5350562.11,535,,15.62852925
35211148,3521010,3521010,3521,3530,35,5350562.04,535,,16.1780317
35211149,3521010,3521010,3521,3530,35,5350562.04,535,,15.58679692
35211150,3521010,3521010,3521,3530,35,5350562.04,535,,16.32817806
35211151,3521010,3521010,3521,3530,35,5350562.10,535,,16.68260745
35211152,3521010,3521010,3521,3530,35,5350562.10,535,,15.7907635
35211155,3521010,3521010,3521,3530,35,5350562.10,535,,15.61923685
35211156,3521010,3521010,3521,3530,35,5350562.10,535,,15.48745594
35211158,3521010,3521010,3521,3530,35,5350562.10,535,,15.83334386
35211159,3521010,3521010,3521,3530,35,5350562.10,535,,17.15599222
35211160,3521010,3521010,3521,3530,35,5350562.10,535,,15.58224708
35211162,3521010,3521010,3521,3530,35,5350576.16,535,,14.14846041
35211170,3521010,3521010,3521,3530,35,5350576.17,535,,13.41273819
35211174,3521010,3521010,3521,3530,35,5350576.16,535,,14.05764523
35211176,3521010,3521010,3521,3530,35,5350562.06,535,,16.0320368
35211177,3521010,3521010,3521,3530,35,5350562.06,535,,15.54873913
35211179,3521010,3521010,3521,3530,35,5350562.06,535,,19.57602718
35211180,3521010,3521010,3521,3530,35,5350562.07,535,,19.78472766
35211181,3521010,3521010,3521,3530,35,5350562.07,535,,21.53017874
35211182,3521010,3521010,3521,3530,35,5350562.07,535,,19.13523306
35211183,3521010,3521010,3521,3530,35,5350562.07,535,,18.17724998
35211196,3521024,3521024,3521,3530,35,5350585.03,535,,10.6228469
35211205,3521024,3521024,3521,3530,35,5350585.03,535,,10.54336699
35211206,3521024,3521024,3521,3530,35,5350585.03,535,,9.761150597
35211207,3521024,3521024,3521,3530,35,5350585.03,535,,9.086195567
35211209,3521024,3521024,3521,3530,35,5350585.03,535,,8.646411477
35211210,3521024,3521024,3521,3530,35,5350585.05,535,,8.754941936
35211211,3521024,3521024,3521,3530,35,5350585.05,535,,8.330817052
35211215,3521024,3521024,3521,3530,35,5350585.05,535,,8.109825549
35211216,3521024,3521024,3521,3530,35,5350585.05,535,,8.210113028
35211218,3521024,3521024,3521,3530,35,5350585.02,535,,7.956595283
35211221,3521024,3521024,3521,3530,35,5350585.02,535,,8.449584354
35211222,3521024,3521024,3521,3530,35,5350585.02,535,,9.365309259
35211223,3521024,3521024,3521,3530,35,5350585.02,535,,10.90821054
35211224,3521024,3521024,3521,3530,35,5350586.01,535,,9.921306073
35211225,3521024,3521024,3521,3530,35,5350586.01,535,,11.55806504
35211227,3521010,3521010,3521,3530,35,5350576.04,535,,11.96273
35211228,3521010,3521010,3521,3530,35,5350576.04,535,,12.22370643
35211229,3521010,3521010,3521,3530,35,5350576.04,535,,12.36756726
35211230,3521010,3521010,3521,3530,35,5350576.09,535,,12.81998262
35211231,3521010,3521010,3521,3530,35,5350576.09,535,,13.57640131
35211232,3521010,3521010,3521,3530,35,5350576.09,535,,13.2659351
35211242,3521010,3521010,3521,3530,35,5350576.09,535,,14.30682739
35211243,3521010,3521010,3521,3530,35,5350576.09,535,,14.8698254
35211244,3521010,3521010,3521,3530,35,5350576.09,535,,14.57958079
35211245,3521010,3521010,3521,3530,35,5350576.09,535,,16.27448046
35211246,3521010,3521010,3521,3530,35,5350576.04,535,,15.13191171
35211248,3521010,3521010,3521,3530,35,5350576.04,535,,13.59743636
35211249,3521010,3521010,3521,3530,35,5350576.04,535,,13.76716713
35211250,3521010,3521010,3521,3530,35,5350576.09,535,,14.13726237
35211251,3521024,3521024,3521,3530,35,5350586.01,535,,10.19302518
35211252,3521024,3521024,3521,3530,35,5350586.01,535,,11.37262175
35211253,3521024,3521024,3521,3530,35,5350586.01,535,,11.30255514
35211254,3521010,3521010,3521,3530,35,5350562.09,535,,17.97583086
35211255,3521010,3521010,3521,3530,35,5350562.09,535,,18.3223989
35211256,3521010,3521010,3521,3530,35,5350562.09,535,,20.46419709
35211257,3521010,3521010,3521,3530,35,5350562.09,535,,19.31778594
35211258,3521010,3521010,3521,3530,35,5350562.09,535,,20.92380837
35211259,3521010,3521010,3521,3530,35,5350570.01,535,,26.69100193
35211262,3521010,3521010,3521,3530,35,5350570.02,535,,23.06022487
35211263,3521010,3521010,3521,3530,35,5350570.02,535,,21.36896726
35211264,3521010,3521010,3521,3530,35,5350571.02,535,,22.30816093
35211265,3521010,3521010,3521,3530,35,5350571.02,535,,20.55150344
35211266,3521010,3521010,3521,3530,35,5350571.02,535,,21.67193234
35211267,3521010,3521010,3521,3530,35,5350571.02,535,,21.52595226
35211268,3521010,3521010,3521,3530,35,5350571.02,535,,21.94076713
35211269,3521010,3521010,3521,3530,35,5350571.02,535,,23.28056294
35211270,3521010,3521010,3521,3530,35,5350571.01,535,,21.47684829
35211271,3521010,3521010,3521,3530,35,5350571.01,535,,21.2466454
35211272,3521010,3521010,3521,3530,35,5350571.01,535,,21.19241077
35211273,3521010,3521010,3521,3530,35,5350571.01,535,,21.65411729
35211274,3521010,3521010,3521,3530,35,5350571.01,535,,21.41363619
35211275,3521010,3521010,3521,3530,35,5350575.02,535,,20.27046463
35211276,3521010,3521010,3521,3530,35,5350575.02,535,,21.05917846
35211277,3521010,3521010,3521,3530,35,5350575.02,535,,18.82553927
35211278,3521010,3521010,3521,3530,35,5350575.04,535,,22.02597293
35211281,3521010,3521010,3521,3530,35,5350575.04,535,,20.77834995
35211282,3521010,3521010,3521,3530,35,5350575.04,535,,20.851945
35211283,3521010,3521010,3521,3530,35,5350575.02,535,,18.07121069
35211284,3521010,3521010,3521,3530,35,5350575.02,535,,18.31592352
35211285,3521010,3521010,3521,3530,35,5350575.02,535,,18.00859788
35211286,3521010,3521010,3521,3530,35,5350575.02,535,,18.31144104
35211287,3521010,3521010,3521,3530,35,5350575.02,535,,17.77278819
35211288,3521010,3521010,3521,3530,35,5350574.00,535,,19.16319124
35211289,3521010,3521010,3521,3530,35,5350574.00,535,,19.8567909
35211290,3521010,3521010,3521,3530,35,5350574.00,535,,20.09154124
35211291,3521010,3521010,3521,3530,35,5350574.00,535,,18.75143155
35211292,3521010,3521010,3521,3530,35,5350571.02,535,,23.00543227
35211293,3521010,3521010,3521,3530,35,5350571.02,535,,24.39692974
35211294,3521010,3521010,3521,3530,35,5350570.02,535,,20.27571174
35211295,3521010,3521010,3521,3530,35,5350570.02,535,,21.89446796
35211297,3521010,3521010,3521,3530,35,5350570.02,535,,20.64258755
35211310,3521010,3521010,3521,3530,35,5350528.21,535,,18.069522
35211312,3521010,3521010,3521,3530,35,5350528.31,535,,17.66707364
35211313,3521010,3521010,3521,3530,35,5350528.31,535,,17.72164261
35211316,3521010,3521010,3521,3530,35,5350528.31,535,,17.01098997
35211317,3521010,3521010,3521,3530,35,5350528.31,535,,16.78862388
35211318,3521010,3521010,3521,3530,35,5350528.31,535,,17.08412898
35211319,3521010,3521010,3521,3530,35,5350528.31,535,,16.84785467
35211320,3521010,3521010,3521,3530,35,5350528.36,535,,16.50684905
35211321,3521010,3521010,3521,3530,35,5350528.36,535,,16.5623983
35211322,3521010,3521010,3521,3530,35,5350528.36,535,,16.74667604
35211323,3521010,3521010,3521,3530,35,5350528.31,535,,17.05575407
35211324,3521010,3521010,3521,3530,35,5350528.31,535,,17.71247561
35211325,3521010,3521010,3521,3530,35,5350528.36,535,,17.33837707
35211330,3521010,3521010,3521,3530,35,5350528.36,535,,19.64242265
35211336,3521005,3521005,3521,3530,35,5350527.07,535,,21.87875891
35211337,3521005,3521005,3521,3530,35,5350521.02,535,,20.28086986
35211338,3521005,3521005,3521,3530,35,5350525.01,535,,24.92729674
35211339,3521005,3521005,3521,3530,35,5350525.02,535,,25.148742
35211349,3521010,3521010,3521,3530,35,5350573.05,535,,17.38997149
35211350,3521010,3521010,3521,3530,35,5350573.05,535,,17.7296844
35211351,3521010,3521010,3521,3530,35,5350573.05,535,,17.62847534
35211352,3521010,3521010,3521,3530,35,5350573.05,535,,17.65709581
35211353,3521010,3521010,3521,3530,35,5350573.05,535,,18.03498242
35211354,3521010,3521010,3521,3530,35,5350573.05,535,,18.10848027
35211355,3521010,3521010,3521,3530,35,5350573.05,535,,17.78956154
35211356,3521010,3521010,3521,3530,35,5350573.05,535,,17.75992496
35211357,3521010,3521010,3521,3530,35,5350573.05,535,,18.14329163
35211358,3521010,3521010,3521,3530,35,5350573.05,535,,18.3042097
35211359,3521010,3521010,3521,3530,35,5350573.05,535,,17.78810667
35211362,3521010,3521010,3521,3530,35,5350573.03,535,,18.66713026
35211363,3521010,3521010,3521,3530,35,5350573.03,535,,19.07076775
35211364,3521010,3521010,3521,3530,35,5350573.03,535,,19.07817546
35211365,3521010,3521010,3521,3530,35,5350573.03,535,,19.50816969
35211366,3521010,3521010,3521,3530,35,5350573.03,535,,19.54328063
35211367,3521010,3521010,3521,3530,35,5350573.03,535,,18.98610976
35211369,3521010,3521010,3521,3530,35,5350576.07,535,,19.21792051
35211370,3521010,3521010,3521,3530,35,5350576.07,535,,18.87125048
35211371,3521010,3521010,3521,3530,35,5350576.05,535,,18.20045331
35211375,3521010,3521010,3521,3530,35,5350575.05,535,,17.48903741
35211376,3521010,3521010,3521,3530,35,5350575.05,535,,16.52448836
35211386,3521024,3521024,3521,3530,35,5350585.08,535,,6.671723588
35211393,3521024,3521024,3521,3530,35,5350585.05,535,,8.448279185
35211394,3521010,3521010,3521,3530,35,5350576.17,535,,13.79766194
35211397,3521010,3521010,3521,3530,35,5350576.04,535,,13.79862015
35211398,3521010,3521010,3521,3530,35,5350575.05,535,,18.33819099
35211399,3521010,3521010,3521,3530,35,5350575.03,535,,16.92498711
35211401,3521010,3521010,3521,3530,35,5350572.05,535,,20.15163336
35211402,3521010,3521010,3521,3530,35,5350570.01,535,,24.28142542
35211403,3521010,3521010,3521,3530,35,5350564.01,535,,19.74218927
35211404,3521010,3521010,3521,3530,35,5350563.01,535,,18.66785625
35211405,3521010,3521010,3521,3530,35,5350563.01,535,,18.41115219
35211406,3521010,3521010,3521,3530,35,5350562.05,535,,17.23610609
35211407,3521010,3521010,3521,3530,35,5350562.02,535,,25.92723214
35211409,3521005,3521005,3521,3530,35,5350531.01,535,,21.05950125
35211410,3521005,3521005,3521,3530,35,5350530.02,535,,22.18741849
35211412,3521005,3521005,3521,3530,35,5350528.11,535,,22.21032299
35211413,3521005,3521005,3521,3530,35,5350528.11,535,,21.9081986
35211415,3521005,3521005,3521,3530,35,5350527.05,535,,23.87595995
35211416,3521005,3521005,3521,3530,35,5350527.07,535,,23.47853367
35211417,3521005,3521005,3521,3530,35,5350527.03,535,,19.83583181
35211418,3521005,3521005,3521,3530,35,5350526.02,535,,23.74286245
35211419,3521005,3521005,3521,3530,35,5350526.01,535,,25.51225073
35211420,3521005,3521005,3521,3530,35,5350525.02,535,,27.05494444
35211421,3521005,3521005,3521,3530,35,5350525.01,535,,25.33495143
35211422,3521005,3521005,3521,3530,35,5350525.01,535,,26.25893277
35211423,3521005,3521005,3521,3530,35,5350524.02,535,,26.87458446
35211425,3521005,3521005,3521,3530,35,5350516.30,535,,17.30059254
35211426,3521005,3521005,3521,3530,35,5350500.01,535,,18.02251792
35211428,3521005,3521005,3521,3530,35,5350516.11,535,,19.7881922
35211429,3521005,3521005,3521,3530,35,5350516.25,535,,20.17504119
35211430,3521005,3521005,3521,3530,35,5350516.28,535,,16.57616692
35211431,3521005,3521005,3521,3530,35,5350516.29,535,,17.89818693
35211432,3521005,3521005,3521,3530,35,5350521.05,535,,20.28961104
35211434,3521005,3521005,3521,3530,35,5350502.01,535,,21.63356768
35211435,3521005,3521005,3521,3530,35,5350516.02,535,,21.29208314
35211436,3521005,3521005,3521,3530,35,5350516.06,535,,19.25241612
35211437,3521005,3521005,3521,3530,35,5350516.08,535,,20.19056689
35211438,3521005,3521005,3521,3530,35,5350516.17,535,,19.9039248
35211439,3521005,3521005,3521,3530,35,5350518.00,535,,21.28112987
35211440,3521005,3521005,3521,3530,35,5350521.03,535,,19.96428095
35211442,3521005,3521005,3521,3530,35,5350512.00,535,,20.83720161
35211443,3521005,3521005,3521,3530,35,5350513.03,535,,20.97437532
35211444,3521005,3521005,3521,3530,35,5350514.02,535,,19.16856146
35211445,3521005,3521005,3521,3530,35,5350514.02,535,,23.30803401
35211446,3521005,3521005,3521,3530,35,5350516.16,535,,19.48836019
35211447,3521005,3521005,3521,3530,35,5350513.02,535,,19.43518369
35211448,3521005,3521005,3521,3530,35,5350513.02,535,,19.98973133
35211449,3521005,3521005,3521,3530,35,5350528.04,535,,22.03104413
35211454,3521010,3521010,3521,3530,35,5350563.01,535,,18.22051662
35211455,3521010,3521010,3521,3530,35,5350572.05,535,,18.44784391
35211456,3521005,3521005,3521,3530,35,5350511.01,535,,24.89379922
35211457,3521005,3521005,3521,3530,35,5350511.01,535,,19.6791351
35211458,3521005,3521005,3521,3530,35,5350520.07,535,,20.54637834
35211459,3521005,3521005,3521,3530,35,5350520.05,535,,19.9729482
35211460,3521005,3521005,3521,3530,35,5350520.06,535,,19.48109774
35211461,3521005,3521005,3521,3530,35,5350520.06,535,,20.88130027
35211462,3521005,3521005,3521,3530,35,5350527.01,535,,21.8139172
35211463,3521005,3521005,3521,3530,35,5350520.02,535,,22.75868453
35211464,3521005,3521005,3521,3530,35,5350520.02,535,,21.40445767
35211465,3521005,3521005,3521,3530,35,5350527.04,535,,25.11897747
35211466,3521005,3521005,3521,3530,35,5350528.25,535,,25.89227161
35211467,3521005,3521005,3521,3530,35,5350530.01,535,,21.10675891
35211468,3521010,3521010,3521,3530,35,5350528.21,535,,17.76700077
35211471,3521010,3521010,3521,3530,35,5350576.06,535,,14.15337702
35211472,3521010,3521010,3521,3530,35,5350563.01,535,,18.47070053
35211473,3521005,3521005,3521,3530,35,5350524.01,535,,24.67443547
35211474,3521005,3521005,3521,3530,35,5350524.01,535,,26.16436182
35211475,3521005,3521005,3521,3530,35,5350540.01,535,,16.62860538
35211476,3521005,3521005,3521,3530,35,5350516.14,535,,17.6276453
35211477,3521005,3521005,3521,3530,35,5350516.14,535,,18.16776533
35211478,3521005,3521005,3521,3530,35,5350516.18,535,,20.92976817
35211479,3521005,3521005,3521,3530,35,5350516.24,535,,18.60733041
35211480,3521005,3521005,3521,3530,35,5350516.08,535,,19.86156918
35211481,3521005,3521005,3521,3530,35,5350550.02,535,,17.15862205
35211482,3521005,3521005,3521,3530,35,5350516.31,535,,18.97111234
35211483,3521005,3521005,3521,3530,35,5350516.31,535,,18.68968983
35211484,3521005,3521005,3521,3530,35,5350528.01,535,,19.76046037
35211485,3521005,3521005,3521,3530,35,5350528.12,535,,18.19140328
35211486,3521005,3521005,3521,3530,35,5350528.02,535,,20.68342193
35211487,3521005,3521005,3521,3530,35,5350505.02,535,,16.86748369
35211488,3521005,3521005,3521,3530,35,5350528.12,535,,18.42749849
35211489,3521005,3521005,3521,3530,35,5350500.02,535,,18.05507597
35211490,3521005,3521005,3521,3530,35,5350500.02,535,,18.35165642
35211491,3521005,3521005,3521,3530,35,5350527.04,535,,23.36648232
35211492,3521005,3521005,3521,3530,35,5350527.04,535,,24.99838052
35211493,3521005,3521005,3521,3530,35,5350527.02,535,,23.00252769
35211494,3521005,3521005,3521,3530,35,5350528.35,535,,31.77056774
35211495,3521005,3521005,3521,3530,35,5350528.34,535,,28.3732447
35211496,3521005,3521005,3521,3530,35,5350528.34,535,,26.85959724
35211497,3521010,3521010,3521,3530,35,5350575.04,535,,19.46304
35211498,3521010,3521010,3521,3530,35,5350528.21,535,,19.87429439
35211499,3521010,3521010,3521,3530,35,5350528.31,535,,17.22150379
35211500,3521010,3521010,3521,3530,35,5350572.06,535,,17.41260754
35211501,3521010,3521010,3521,3530,35,5350572.06,535,,17.45529077
35211502,3521010,3521010,3521,3530,35,5350572.06,535,,17.17194608
35211503,3521010,3521010,3521,3530,35,5350572.06,535,,16.77673606
35211504,3521010,3521010,3521,3530,35,5350572.06,535,,16.60105329
35211505,3521005,3521005,3521,3530,35,5350524.01,535,,24.94854745
35211506,3521005,3521005,3521,3530,35,5350524.01,535,,25.53847692
35211507,3521005,3521005,3521,3530,35,5350516.35,535,,16.39089467
35211508,3521005,3521005,3521,3530,35,5350516.35,535,,16.61212767
35211509,3521005,3521005,3521,3530,35,5350516.28,535,,16.30677065
35211510,3521005,3521005,3521,3530,35,5350516.28,535,,16.50249946
35211511,3521005,3521005,3521,3530,35,5350516.28,535,,16.11495275
35211512,3521005,3521005,3521,3530,35,5350516.35,535,,16.59729716
35211513,3521005,3521005,3521,3530,35,5350516.35,535,,16.38207546
35211514,3521005,3521005,3521,3530,35,5350516.22,535,,14.14289012
35211515,3521005,3521005,3521,3530,35,5350516.22,535,,14.11588078
35211516,3521005,3521005,3521,3530,35,5350516.22,535,,14.22774994
35211517,3521005,3521005,3521,3530,35,5350516.22,535,,14.41074457
35211518,3521005,3521005,3521,3530,35,5350516.30,535,,17.58840346
35211519,3521005,3521005,3521,3530,35,5350516.30,535,,17.4915664
35211520,3521005,3521005,3521,3530,35,5350516.30,535,,17.7616405
35211521,3521005,3521005,3521,3530,35,5350516.30,535,,17.55127842
35211522,3521005,3521005,3521,3530,35,5350528.02,535,,19.76674974
35211523,3521005,3521005,3521,3530,35,5350528.02,535,,20.85067916
35211524,3521005,3521005,3521,3530,35,5350528.16,535,,19.13766467
35211525,3521005,3521005,3521,3530,35,5350528.16,535,,19.14315514
35211526,3521005,3521005,3521,3530,35,5350528.15,535,,19.38005481
35211527,3521005,3521005,3521,3530,35,5350528.15,535,,19.41293928
35211528,3521010,3521010,3521,3530,35,5350562.10,535,,15.59221638
35211529,3521010,3521010,3521,3530,35,5350562.10,535,,15.70131579
35211530,3521010,3521010,3521,3530,35,5350576.16,535,,13.6
35211531,3521010,3521010,3521,3530,35,5350576.16,535,,13.63194306
35211532,3521010,3521010,3521,3530,35,5350576.17,535,,13.48266588
35211533,3521010,3521010,3521,3530,35,5350576.17,535,,13.41976506
35211534,3521010,3521010,3521,3530,35,5350576.16,535,,13.47852857
35211535,3521010,3521010,3521,3530,35,5350576.16,535,,13.23162236
35211536,3521010,3521010,3521,3530,35,5350576.16,535,,13.60835292
35211537,3521010,3521010,3521,3530,35,5350562.06,535,,17.87211391
35211538,3521010,3521010,3521,3530,35,5350562.06,535,,18.8
35211539,3521024,3521024,3521,3530,35,5350585.03,535,,8.612548146
35211540,3521024,3521024,3521,3530,35,5350585.03,535,,9.319816404
35211541,3521024,3521024,3521,3530,35,5350585.05,535,,7.994686898
35211542,3521024,3521024,3521,3530,35,5350585.05,535,,8.1
35211543,3521024,3521024,3521,3530,35,5350585.05,535,,8.1
35211544,3521024,3521024,3521,3530,35,5350585.05,535,,8.1
35211545,3521024,3521024,3521,3530,35,5350585.05,535,,8.136193073
35211546,3521010,3521010,3521,3530,35,5350573.06,535,,18.96788686
35211547,3521010,3521010,3521,3530,35,5350573.06,535,,19.52602537
35211548,3521010,3521010,3521,3530,35,5350573.06,535,,19.3239934
35211549,3521010,3521010,3521,3530,35,5350575.05,535,,18.5
35211550,3521010,3521010,3521,3530,35,5350575.05,535,,18.5
35211551,3521010,3521010,3521,3530,35,5350575.05,535,,19.07139638
35211552,3521010,3521010,3521,3530,35,5350575.05,535,,17.53974665
35211553,3521010,3521010,3521,3530,35,5350575.05,535,,17.70581136
35211554,3521010,3521010,3521,3530,35,5350573.07,535,,17.82142733
35211555,3521010,3521010,3521,3530,35,5350573.07,535,,18.67772207
35211556,3521010,3521010,3521,3530,35,5350573.07,535,,18.26234151
35211557,3521010,3521010,3521,3530,35,5350560.00,535,,22.1872547
35211558,3521010,3521010,3521,3530,35,5350560.00,535,,22.09705164
35211559,3521005,3521005,3521,3530,35,5350528.10,535,,20.73698183
35211560,3521005,3521005,3521,3530,35,5350528.10,535,,22.18525156
35211561,3521005,3521005,3521,3530,35,5350516.16,535,,20.37027394
35211562,3521005,3521005,3521,3530,35,5350516.16,535,,19.4343681
35211563,3521005,3521005,3521,3530,35,5350516.35,535,,17.11157234
35211564,3521005,3521005,3521,3530,35,5350516.35,535,,18.18521705
35211565,3521005,3521005,3521,3530,35,5350516.04,535,,18.79480114
35211566,3521005,3521005,3521,3530,35,5350516.04,535,,18.1128962
35211567,3521005,3521005,3521,3530,35,5350528.34,535,,27.15826469
35211568,3521005,3521005,3521,3530,35,5350528.34,535,,26.87323431
35211569,3521010,3521010,3521,3530,35,5350576.17,535,,14.06617768
35211570,3521010,3521010,3521,3530,35,5350576.17,535,,13.57477314
35211571,3521010,3521010,3521,3530,35,5350576.17,535,,13.60887858
35211572,3521010,3521010,3521,3530,35,5350576.17,535,,14.56887686
35211573,3521010,3521010,3521,3530,35,5350576.17,535,,14.00483394
35211574,3521010,3521010,3521,3530,35,5350576.17,535,,15.05417096
35211575,3521010,3521010,3521,3530,35,5350576.14,535,,12.04285803
35211576,3521010,3521010,3521,3530,35,5350576.14,535,,12.58348525
35211577,3521010,3521010,3521,3530,35,5350576.14,535,,12.64431344
35211578,3521010,3521010,3521,3530,35,5350576.14,535,,11.8354044
35211579,3521010,3521010,3521,3530,35,5350576.14,535,,12.18153693
35211580,3521010,3521010,3521,3530,35,5350576.14,535,,13.63307416
35211581,3521010,3521010,3521,3530,35,5350576.14,535,,13.26731478
35211582,3521010,3521010,3521,3530,35,5350573.06,535,,19.66331303
35211583,3521010,3521010,3521,3530,35,5350573.06,535,,19.53543707
35211584,3521010,3521010,3521,3530,35,5350573.06,535,,19.61762305
35211585,3521010,3521010,3521,3530,35,5350573.06,535,,19.31863709
35211586,3521010,3521010,3521,3530,35,5350573.06,535,,18.88619879
35211587,3521010,3521010,3521,3530,35,5350576.16,535,,13.85832266
35211588,3521010,3521010,3521,3530,35,5350576.16,535,,13.8266202
35211589,3521005,3521005,3521,3530,35,5350528.14,535,,19.72304682
35211590,3521005,3521005,3521,3530,35,5350528.14,535,,18.1831913
35211591,3521005,3521005,3521,3530,35,5350528.14,535,,18.41318665
35211592,3521005,3521005,3521,3530,35,5350528.14,535,,18.92151362
35211593,3521005,3521005,3521,3530,35,5350528.14,535,,18.78474036
35211595,3521024,3521024,3521,3530,35,5350585.02,535,,9.490644655
35211596,3521005,3521005,3521,3530,35,5350516.04,535,,19.70936199
35211597,3521005,3521005,3521,3530,35,5350516.04,535,,20.01858242
35211598,3521005,3521005,3521,3530,35,5350516.22,535,,14.62641686
35211599,3521005,3521005,3521,3530,35,5350516.22,535,,14.47908811
35211600,3521010,3521010,3521,3530,35,5350562.10,535,,15.69424805
35211601,3521010,3521010,3521,3530,35,5350562.07,535,,18.25356835
35211602,3521024,3521024,3521,3530,35,5350585.02,535,,8.775658865
35211603,3521024,3521024,3521,3530,35,5350585.07,535,,6.710840143
35211604,3521024,3521024,3521,3530,35,5350585.07,535,,6.550836082
35211605,3521024,3521024,3521,3530,35,5350585.07,535,,7.198508428
35211606,3521024,3521024,3521,3530,35,5350585.07,535,,6.857828681
35211607,3521024,3521024,3521,3530,35,5350585.07,535,,7.815011758
35211608,3521024,3521024,3521,3530,35,5350585.07,535,,7.446388067
35211609,3521024,3521024,3521,3530,35,5350585.07,535,,7.759787691
35211610,3521024,3521024,3521,3530,35,5350585.07,535,,7.187313336
35211611,3521024,3521024,3521,3530,35,5350587.01,535,,7.027654254
35211612,3521024,3521024,3521,3530,35,5350587.01,535,,7.241276347
35211613,3521024,3521024,3521,3530,35,5350587.01,535,,7.220851049
35211614,3521024,3521024,3521,3530,35,5350587.01,535,,7.609209233
35211615,3521024,3521024,3521,3530,35,5350587.01,535,,6.960576286
35211616,3521024,3521024,3521,3530,35,5350587.01,535,,6.588283651
35211617,3521024,3521024,3521,3530,35,5350587.01,535,,7.389237123
35211618,3521024,3521024,3521,3530,35,5350587.01,535,,6.815016081
35211619,3521024,3521024,3521,3530,35,5350587.02,535,,6.807982504
35211620,3521024,3521024,3521,3530,35,5350587.02,535,,6.57256666
35211621,3521024,3521024,3521,3530,35,5350587.02,535,,6.620106858
35211622,3521024,3521024,3521,3530,35,5350587.02,535,,6.295831623
35211623,3521024,3521024,3521,3530,35,5350587.02,535,,6.564472863
35211624,3521024,3521024,3521,3530,35,5350587.02,535,,6.977663861
35211625,3521024,3521024,3521,3530,35,5350587.01,535,,6.646509305
35211626,3521024,3521024,3521,3530,35,5350587.01,535,,6.365122951
35211627,3521024,3521024,3521,3530,35,5350587.01,535,,6.378768356
35211628,3521024,3521024,3521,3530,35,5350585.07,535,,6.538457784
35211629,3521024,3521024,3521,3530,35,5350587.02,535,,7.089298138
35211630,3521024,3521024,3521,3530,35,5350587.02,535,,7.532614172
35211631,3521024,3521024,3521,3530,35,5350587.02,535,,7.726239504
35211632,3521024,3521024,3521,3530,35,5350587.02,535,,8.057227735
35211633,3521024,3521024,3521,3530,35,5350585.09,535,,8.974168285
35211634,3521024,3521024,3521,3530,35,5350585.09,535,,9.368922923
35211635,3521024,3521024,3521,3530,35,5350585.09,535,,9.936433544
35211636,3521024,3521024,3521,3530,35,5350585.09,535,,9.846267868
35211637,3521024,3521024,3521,3530,35,5350585.09,535,,10.30683223
35211638,3521024,3521024,3521,3530,35,5350585.10,535,,10.25057337
35211639,3521024,3521024,3521,3530,35,5350585.10,535,,10.35792938
35211640,3521024,3521024,3521,3530,35,5350585.10,535,,10.49999699
35211641,3521024,3521024,3521,3530,35,5350585.10,535,,10.3860284
35211642,3521024,3521024,3521,3530,35,5350585.10,535,,11.07923148
35211643,3521024,3521024,3521,3530,35,5350585.10,535,,10.5404433
35211644,3521024,3521024,3521,3530,35,5350585.09,535,,11.05844923
35211645,3521024,3521024,3521,3530,35,5350585.09,535,,10.37261953
35211646,3521024,3521024,3521,3530,35,5350585.09,535,,9.628241456
35211647,3521024,3521024,3521,3530,35,5350585.09,535,,9.308290571
35211648,3521010,3521010,3521,3530,35,5350576.24,535,,11.40404844
35211649,3521010,3521010,3521,3530,35,5350576.24,535,,12.01594043
35211650,3521010,3521010,3521,3530,35,5350576.24,535,,11.49383467
35211651,3521010,3521010,3521,3530,35,5350576.24,535,,12.16482764
35211652,3521010,3521010,3521,3530,35,5350576.24,535,,13.40547748
35211653,3521010,3521010,3521,3530,35,5350576.23,535,,13.28474063
35211654,3521010,3521010,3521,3530,35,5350576.23,535,,12.8093121
35211655,3521010,3521010,3521,3530,35,5350576.23,535,,12.97110622
35211656,3521010,3521010,3521,3530,35,5350576.23,535,,12.16777773
35211657,3521010,3521010,3521,3530,35,5350576.23,535,,12.1
35211658,3521010,3521010,3521,3530,35,5350576.23,535,,12.39742018
35211659,3521010,3521010,3521,3530,35,5350576.19,535,,12.72884603
35211660,3521010,3521010,3521,3530,35,5350576.19,535,,12.87487792
35211661,3521010,3521010,3521,3530,35,5350576.19,535,,13.16237849
35211662,3521010,3521010,3521,3530,35,5350576.19,535,,13.74257228
35211663,3521010,3521010,3521,3530,35,5350576.22,535,,16.9228763
35211664,3521010,3521010,3521,3530,35,5350576.23,535,,16.64372671
35211665,3521010,3521010,3521,3530,35,5350576.22,535,,16.84017026
35211666,3521010,3521010,3521,3530,35,5350576.22,535,,17.81549867
35211667,3521010,3521010,3521,3530,35,5350576.22,535,,15.34449152
35211668,3521010,3521010,3521,3530,35,5350576.19,535,,13.47368889
35211669,3521010,3521010,3521,3530,35,5350576.22,535,,15.5586589
35211670,3521010,3521010,3521,3530,35,5350576.22,535,,15.76686259
35211671,3521010,3521010,3521,3530,35,5350576.21,535,,15.08048723
35211672,3521010,3521010,3521,3530,35,5350576.21,535,,14.50002147
35211673,3521010,3521010,3521,3530,35,5350576.21,535,,14.89655323
35211674,3521010,3521010,3521,3530,35,5350576.21,535,,13.76122941
35211675,3521010,3521010,3521,3530,35,5350576.20,535,,13.68294406
35211676,3521010,3521010,3521,3530,35,5350576.20,535,,14.31265093
35211677,3521010,3521010,3521,3530,35,5350576.20,535,,13.72501869
35211678,3521010,3521010,3521,3530,35,5350576.20,535,,14.27152191
35211679,3521010,3521010,3521,3530,35,5350576.20,535,,14.35983379
35211680,3521010,3521010,3521,3530,35,5350576.20,535,,14.8947651
35211681,3521010,3521010,3521,3530,35,5350576.20,535,,16.56685961
35211682,3521010,3521010,3521,3530,35,5350576.20,535,,14.87527292
35211683,3521010,3521010,3521,3530,35,5350576.21,535,,15.53910485
35211684,3521010,3521010,3521,3530,35,5350576.21,535,,15.85663494
35211685,3521010,3521010,3521,3530,35,5350576.21,535,,16.87321338
35211686,3521010,3521010,3521,3530,35,5350576.21,535,,16.46690531
35211687,3521010,3521010,3521,3530,35,5350576.22,535,,17.12995532
35211688,3521010,3521010,3521,3530,35,5350576.25,535,,24.76356089
35211689,3521010,3521010,3521,3530,35,5350576.25,535,,18.28371195
35211690,3521010,3521010,3521,3530,35,5350576.25,535,,15.36582819
35211691,3521010,3521010,3521,3530,35,5350576.25,535,,15.69608695
35211692,3521010,3521010,3521,3530,35,5350576.25,535,,18.95515294
35211693,3521010,3521010,3521,3530,35,5350576.25,535,,18.77854505
35211694,3521010,3521010,3521,3530,35,5350576.25,535,,17.36439069
35211695,3521010,3521010,3521,3530,35,5350576.25,535,,19.24727724
35211696,3521005,3521005,3521,3530,35,5350528.41,535,,26.88544528
35211697,3521005,3521005,3521,3530,35,5350528.41,535,,26.97506707
35211698,3521010,3521010,3521,3530,35,5350562.01,535,,29.15235168
35211699,3521010,3521010,3521,3530,35,5350562.01,535,,22.52869839
35211700,3521010,3521010,3521,3530,35,5350562.01,535,,20.11785697
35211701,3521010,3521010,3521,3530,35,5350562.01,535,,22.05341966
35211702,3521005,3521005,3521,3530,35,5350528.41,535,,30.58463897
35211703,3521010,3521010,3521,3530,35,5350528.20,535,,21.11157251
35211704,3521010,3521010,3521,3530,35,5350528.20,535,,21.29846513
35211705,3521010,3521010,3521,3530,35,5350528.20,535,,19.85434215
35211706,3521010,3521010,3521,3530,35,5350528.20,535,,19.38521215
35211707,3521010,3521010,3521,3530,35,5350528.20,535,,20.96983037
35211708,3521010,3521010,3521,3530,35,5350528.20,535,,22.21906268
35211709,3521010,3521010,3521,3530,35,5350528.20,535,,23.36972478
35211710,3521010,3521010,3521,3530,35,5350528.22,535,,21.77558377
35211711,3521010,3521010,3521,3530,35,5350528.22,535,,20.20568204
35211712,3521010,3521010,3521,3530,35,5350528.22,535,,19.35227304
35211713,3521010,3521010,3521,3530,35,5350528.22,535,,17.99298892
35211714,3521010,3521010,3521,3530,35,5350528.22,535,,20.27719666
35211715,3521010,3521010,3521,3530,35,5350528.22,535,,18.28619506
35211716,3521005,3521005,3521,3530,35,5350528.38,535,,23.68451829
35211717,3521005,3521005,3521,3530,35,5350528.38,535,,18.14608055
35211718,3521005,3521005,3521,3530,35,5350528.38,535,,18.30751119
35211719,3521005,3521005,3521,3530,35,5350528.38,535,,17.22314416
35211720,3521005,3521005,3521,3530,35,5350528.38,535,,18.07012893
35211721,3521005,3521005,3521,3530,35,5350528.38,535,,19.18735742
35211722,3521005,3521005,3521,3530,35,5350528.38,535,,19.46537473
35211723,3521005,3521005,3521,3530,35,5350528.41,535,,19.69552228
35211724,3521005,3521005,3521,3530,35,5350528.41,535,,19.38429666
35211725,3521005,3521005,3521,3530,35,5350528.40,535,,19.32364646
35211726,3521005,3521005,3521,3530,35,5350528.41,535,,19.63372428
35211727,3521005,3521005,3521,3530,35,5350528.41,535,,21.99955133
35211728,3521005,3521005,3521,3530,35,5350528.41,535,,21.3365806
35211729,3521005,3521005,3521,3530,35,5350528.40,535,,20.10084982
35211730,3521005,3521005,3521,3530,35,5350528.40,535,,18.07270484
35211731,3521005,3521005,3521,3530,35,5350528.40,535,,18.49504665
35211732,3521005,3521005,3521,3530,35,5350528.38,535,,17.55798667
35211733,3521005,3521005,3521,3530,35,5350528.38,535,,17.27235744
35211734,3521005,3521005,3521,3530,35,5350528.38,535,,17.32992738
35211735,3521005,3521005,3521,3530,35,5350528.39,535,,19.5797584
35211736,3521005,3521005,3521,3530,35,5350528.39,535,,18.72900429
35211737,3521005,3521005,3521,3530,35,5350528.39,535,,20.01997321
35211738,3521005,3521005,3521,3530,35,5350528.39,535,,20.91059765
35211739,3521005,3521005,3521,3530,35,5350528.39,535,,21.45104245
35211740,3521005,3521005,3521,3530,35,5350528.39,535,,23.87047558
35211741,3521005,3521005,3521,3530,35,5350528.39,535,,22.88293217
35211742,3521005,3521005,3521,3530,35,5350528.39,535,,23.32211034
35211743,3521005,3521005,3521,3530,35,5350528.40,535,,21.75352384
35211744,3521005,3521005,3521,3530,35,5350528.40,535,,23.72893444
35211745,3521005,3521005,3521,3530,35,5350528.41,535,,22.67421097
35211746,3521005,3521005,3521,3530,35,5350528.40,535,,26.99116357
35211747,3521005,3521005,3521,3530,35,5350528.40,535,,21.3992871
35211748,3521010,3521010,3521,3530,35,5350576.21,535,,13.32461795
35211749,3521010,3521010,3521,3530,35,5350576.19,535,,12.92156899
35211750,3521010,3521010,3521,3530,35,5350576.19,535,,12.94821318
35211751,3521010,3521010,3521,3530,35,5350576.19,535,,13.05177006
35211752,3521010,3521010,3521,3530,35,5350576.19,535,,13.41931562
35211753,3521010,3521010,3521,3530,35,5350576.24,535,,11.88072746
35211754,3521010,3521010,3521,3530,35,5350576.18,535,,13.40114281
35211755,3521010,3521010,3521,3530,35,5350576.18,535,,13.20266989
35211756,3521010,3521010,3521,3530,35,5350576.18,535,,13.11474883
35211757,3521010,3521010,3521,3530,35,5350576.18,535,,13.15091787
35211758,3521010,3521010,3521,3530,35,5350576.18,535,,13.17839851
35211759,3521010,3521010,3521,3530,35,5350576.18,535,,13.84441296
35211760,3521010,3521010,3521,3530,35,5350576.18,535,,13.57261265
35211761,3521010,3521010,3521,3530,35,5350576.18,535,,13.46727919
35211762,3521010,3521010,3521,3530,35,5350576.10,535,,14.16519
35211763,3521010,3521010,3521,3530,35,5350576.10,535,,13.81727811
35211764,3521010,3521010,3521,3530,35,5350576.10,535,,13.79142453
35211765,3521010,3521010,3521,3530,35,5350576.10,535,,14.66409275
35211766,3521010,3521010,3521,3530,35,5350576.10,535,,14.95729747
35211767,3521010,3521010,3521,3530,35,5350576.10,535,,15.76767488
35211768,3521010,3521010,3521,3530,35,5350576.10,535,,15.52411786
35211769,3521010,3521010,3521,3530,35,5350576.10,535,,15.24892816
35211770,3521010,3521010,3521,3530,35,5350576.14,535,,13.72643247
35211771,3521010,3521010,3521,3530,35,5350576.14,535,,13.8881223
35211772,3521010,3521010,3521,3530,35,5350576.14,535,,13.95248313
35211773,3521010,3521010,3521,3530,35,5350576.14,535,,14.006267
35211774,3521010,3521010,3521,3530,35,5350576.14,535,,13.57631728
35211775,3521010,3521010,3521,3530,35,5350576.15,535,,15.81185748
35211776,3521010,3521010,3521,3530,35,5350576.15,535,,16.11466925
35211777,3521010,3521010,3521,3530,35,5350576.15,535,,17.19178578
35211778,3521010,3521010,3521,3530,35,5350576.15,535,,16.97581491
35211779,3521010,3521010,3521,3530,35,5350576.15,535,,19.28539295
35211780,3521010,3521010,3521,3530,35,5350576.15,535,,18.16258459
35211781,3521010,3521010,3521,3530,35,5350576.15,535,,18.23064289
35211782,3521010,3521010,3521,3530,35,5350576.15,535,,17.47451917
35211783,3521010,3521010,3521,3530,35,5350576.15,535,,16.19208947
35211784,3521010,3521010,3521,3530,35,5350576.15,535,,15.57877897
35211785,3521010,3521010,3521,3530,35,5350576.15,535,,14.77387014
35211786,3521010,3521010,3521,3530,35,5350576.26,535,,14.39401168
35211787,3521010,3521010,3521,3530,35,5350576.28,535,,17.04985692
35211788,3521010,3521010,3521,3530,35,5350576.28,535,,19.38120734
35211789,3521010,3521010,3521,3530,35,5350573.08,535,,19.40231389
35211790,3521010,3521010,3521,3530,35,5350573.08,535,,17.39287955
35211791,3521010,3521010,3521,3530,35,5350573.08,535,,16.79271206
35211792,3521010,3521010,3521,3530,35,5350573.08,535,,16.7786594
35211793,3521010,3521010,3521,3530,35,5350573.08,535,,17.18723487
35211794,3521010,3521010,3521,3530,35,5350576.29,535,,15.52238873
35211795,3521010,3521010,3521,3530,35,5350576.29,535,,15.19009267
35211796,3521010,3521010,3521,3530,35,5350576.29,535,,14.70742697
35211797,3521010,3521010,3521,3530,35,5350576.29,535,,14.67608436
35211798,3521010,3521010,3521,3530,35,5350576.27,535,,14.19436606
35211799,3521010,3521010,3521,3530,35,5350576.30,535,,14.76982229
35211800,3521010,3521010,3521,3530,35,5350576.27,535,,14.0823962
35211801,3521010,3521010,3521,3530,35,5350573.09,535,,17.08889455
35211802,3521010,3521010,3521,3530,35,5350573.09,535,,16.42018104
35211803,3521010,3521010,3521,3530,35,5350573.09,535,,16.82075785
35211804,3521010,3521010,3521,3530,35,5350573.09,535,,17.06663267
35211805,3521010,3521010,3521,3530,35,5350573.09,535,,17.36271251
35211806,3521010,3521010,3521,3530,35,5350573.09,535,,17.30130285
35211807,3521010,3521010,3521,3530,35,5350573.09,535,,18.05724416
35211808,3521010,3521010,3521,3530,35,5350573.08,535,,17.5814275
35211809,3521010,3521010,3521,3530,35,5350573.09,535,,16.92159755
35211810,3521010,3521010,3521,3530,35,5350573.08,535,,17.45543816
35211811,3521010,3521010,3521,3530,35,5350576.30,535,,13.76959429
35211812,3521010,3521010,3521,3530,35,5350576.30,535,,15.12561569
35211813,3521010,3521010,3521,3530,35,5350576.30,535,,16.47238559
35211814,3521005,3521005,3521,3530,35,5350528.42,535,,23.40894678
35211815,3521005,3521005,3521,3530,35,5350528.42,535,,22.70304274
35211816,3521005,3521005,3521,3530,35,5350528.42,535,,24.1407219
35211817,3521005,3521005,3521,3530,35,5350528.42,535,,22.2062545
35211818,3521005,3521005,3521,3530,35,5350528.42,535,,22.17757784
35211819,3521005,3521005,3521,3530,35,5350528.42,535,,21.60284089
35211820,3521005,3521005,3521,3530,35,5350528.42,535,,20.49501437
35211821,3521005,3521005,3521,3530,35,5350528.42,535,,20.33579709
35211822,3521005,3521005,3521,3530,35,5350528.43,535,,19.58515794
35211823,3521005,3521005,3521,3530,35,5350528.43,535,,20.31135766
35211824,3521005,3521005,3521,3530,35,5350528.43,535,,19.56623165
35211825,3521005,3521005,3521,3530,35,5350528.43,535,,19.64556455
35211826,3521005,3521005,3521,3530,35,5350521.06,535,,20.05013182
35211827,3521005,3521005,3521,3530,35,5350521.06,535,,19.567674
35211828,3521005,3521005,3521,3530,35,5350521.01,535,,19.02667851
35211829,3521005,3521005,3521,3530,35,5350521.01,535,,19.02418254
35211830,3521005,3521005,3521,3530,35,5350521.01,535,,18.90282936
35211831,3521005,3521005,3521,3530,35,5350520.08,535,,19.67167121
35211832,3521005,3521005,3521,3530,35,5350520.08,535,,20.17530878
35211833,3521005,3521005,3521,3530,35,5350520.08,535,,21.25491162
35211834,3521005,3521005,3521,3530,35,5350520.08,535,,21.01289613
35211835,3521005,3521005,3521,3530,35,5350520.08,535,,21.25381908
35211836,3521005,3521005,3521,3530,35,5350520.08,535,,22.09781568
35211837,3521005,3521005,3521,3530,35,5350516.33,535,,15.00962679
35211838,3521005,3521005,3521,3530,35,5350516.33,535,,15.02698247
35211839,3521005,3521005,3521,3530,35,5350516.33,535,,15.36855172
35211840,3521005,3521005,3521,3530,35,5350516.33,535,,15.04053932
35211841,3521005,3521005,3521,3530,35,5350516.33,535,,14.56691997
35211842,3521005,3521005,3521,3530,35,5350516.33,535,,14.67821137
35211843,3521005,3521005,3521,3530,35,5350516.33,535,,14.4442381
35211844,3521005,3521005,3521,3530,35,5350516.33,535,,13.82895636
35211845,3521005,3521005,3521,3530,35,5350516.33,535,,13.98399953
35211846,3521005,3521005,3521,3530,35,5350516.33,535,,14.06414739
35211847,3521005,3521005,3521,3530,35,5350516.33,535,,15.56016729
35211848,3521005,3521005,3521,3530,35,5350516.33,535,,14.25530442
35211849,3521005,3521005,3521,3530,35,5350516.21,535,,14.8730823
35211850,3521005,3521005,3521,3530,35,5350516.21,535,,14.5631051
35211851,3521005,3521005,3521,3530,35,5350516.21,535,,14.26203538
35211852,3521005,3521005,3521,3530,35,5350516.21,535,,14.10157798
35211853,3521005,3521005,3521,3530,35,5350516.34,535,,15.72000505
35211854,3521005,3521005,3521,3530,35,5350516.34,535,,15.25640605
35211855,3521005,3521005,3521,3530,35,5350516.34,535,,15.15317369
35211856,3521005,3521005,3521,3530,35,5350516.34,535,,15.31289026
35211857,3521005,3521005,3521,3530,35,5350516.34,535,,14.92271543
35211858,3521005,3521005,3521,3530,35,5350516.34,535,,15.12987088
35211859,3521005,3521005,3521,3530,35,5350516.34,535,,14.9
35211860,3521005,3521005,3521,3530,35,5350516.34,535,,14.94114344
35211861,3521005,3521005,3521,3530,35,5350516.34,535,,15.14373537
35211862,3521005,3521005,3521,3530,35,5350516.36,535,,15.30384591
35211863,3521005,3521005,3521,3530,35,5350516.36,535,,15.3
35211864,3521005,3521005,3521,3530,35,5350516.36,535,,15.2787516
35211865,3521005,3521005,3521,3530,35,5350516.36,535,,15.36045906
35211866,3521005,3521005,3521,3530,35,5350516.36,535,,15.91583979
35211867,3521005,3521005,3521,3530,35,5350516.36,535,,16.73630182
35211868,3521005,3521005,3521,3530,35,5350516.36,535,,15.361935
35211869,3521005,3521005,3521,3530,35,5350516.34,535,,15.75701185
